,cumulative_returns,number_of_trades,mean_return,median_return,max_return,vix_triggered,inc_incremented,dec_targeted,number_of_incremented
0,103.23,2,0.52,0.52,0.53,49,5,0.5,3
1,203.73,4,0.51,0.5,0.53,49,5,0.5,4
2,305.57,6,0.51,0.5,0.53,49,5,0.5,5
3,396.18,8,0.5,0.5,0.53,49,5,0.56,3
4,488.07,10,0.49,0.5,0.53,49,5,0.56,4
5,581.45,12,0.48,0.49,0.53,49,5,0.56,5
6,658.4,14,0.47,0.48,0.53,49,5,0.62,3
7,738.28,16,0.46,0.47,0.53,49,5,0.62,4
8,854.35,19,0.45,0.46,0.53,49,5,0.62,5
9,952.17,22,0.43,0.44,0.53,49,5,0.69,3
10,1050.51,25,0.42,0.4,0.53,49,5,0.69,4
11,1150.68,28,0.41,0.4,0.53,49,5,0.69,5
12,1257.79,32,0.39,0.39,0.53,49,5,0.75,3
13,1387.64,37,0.38,0.38,0.53,49,5,0.75,4
14,1519.47,42,0.36,0.35,0.53,49,5,0.75,5
15,1623.7,44,0.37,0.35,0.53,49,6,0.5,3
16,1726.88,46,0.38,0.36,0.53,49,6,0.5,4
17,1830.07,48,0.38,0.38,0.53,49,6,0.5,5
18,1922.02,50,0.38,0.38,0.53,49,6,0.56,3
19,2012.64,52,0.39,0.39,0.53,49,6,0.56,4
20,2103.25,54,0.39,0.39,0.53,49,6,0.56,5
21,2218.51,57,0.39,0.39,0.53,49,6,0.62,3
22,2334.57,60,0.39,0.39,0.53,49,6,0.62,4
23,2450.61,63,0.39,0.39,0.53,49,6,0.62,5
24,2549.02,66,0.39,0.39,0.53,49,6,0.69,3
25,2646.61,69,0.38,0.39,0.53,49,6,0.69,4
26,2743.74,72,0.38,0.39,0.53,49,6,0.69,5
27,2850.34,76,0.38,0.38,0.53,49,6,0.75,3
28,2980.01,81,0.37,0.35,0.53,49,6,0.75,4
29,3113.65,86,0.36,0.34,0.53,49,6,0.75,5
30,3217.88,88,0.37,0.35,0.53,49,7,0.5,3
31,3321.06,90,0.37,0.35,0.53,49,7,0.5,4
32,3424.19,92,0.37,0.36,0.53,49,7,0.5,5
33,3516.15,94,0.37,0.38,0.53,49,7,0.56,3
34,3606.77,96,0.38,0.38,0.53,49,7,0.56,4
35,3698.85,98,0.38,0.38,0.53,49,7,0.56,5
36,3814.12,101,0.38,0.39,0.53,49,7,0.62,3
37,3930.17,104,0.38,0.39,0.53,49,7,0.62,4
38,4045.39,107,0.38,0.39,0.53,49,7,0.62,5
39,4143.81,110,0.38,0.39,0.53,49,7,0.69,3
40,4241.39,113,0.38,0.38,0.53,49,7,0.69,4
41,4339.78,116,0.37,0.38,0.53,49,7,0.69,5
42,4446.37,120,0.37,0.38,0.53,49,7,0.75,3
43,4576.04,125,0.37,0.35,0.53,49,7,0.75,4
44,4711.61,130,0.36,0.34,0.53,49,7,0.75,5
45,4815.84,132,0.36,0.34,0.53,49,8,0.5,3
46,4919.23,134,0.37,0.35,0.53,49,8,0.5,4
47,5022.52,136,0.37,0.35,0.53,49,8,0.5,5
48,5114.48,138,0.37,0.36,0.53,49,8,0.56,3
49,5205.34,140,0.37,0.38,0.53,49,8,0.56,4
50,5297.6,142,0.37,0.38,0.53,49,8,0.56,5
51,5412.67,145,0.37,0.38,0.53,49,8,0.62,3
52,5527.53,148,0.37,0.38,0.53,49,8,0.62,4
53,5642.76,151,0.37,0.38,0.53,49,8,0.62,5
54,5741.67,154,0.37,0.38,0.53,49,8,0.69,3
55,5840.03,157,0.37,0.38,0.53,49,8,0.69,4
56,5939.13,160,0.37,0.38,0.53,49,8,0.69,5
57,6020.46,163,0.37,0.38,0.53,49,8,0.75,3
58,6127.41,167,0.37,0.35,0.53,49,8,0.75,4
59,6237.32,171,0.36,0.34,0.53,49,8,0.75,5
60,6341.56,173,0.37,0.34,0.53,49,9,0.5,3
61,6445.61,175,0.37,0.35,0.53,49,9,0.5,4
62,6549.47,177,0.37,0.35,0.53,49,9,0.5,5
63,6641.42,179,0.37,0.38,0.53,49,9,0.56,3
64,6733.02,181,0.37,0.38,0.53,49,9,0.56,4
65,6870.23,184,0.37,0.38,0.53,49,9,0.56,5
66,6985.31,187,0.37,0.38,0.53,49,9,0.62,3
67,7102.24,190,0.37,0.38,0.53,49,9,0.62,4
68,7219.22,193,0.37,0.38,0.53,49,9,0.62,5
69,7318.12,196,0.37,0.38,0.53,49,9,0.69,3
70,7416.4,199,0.37,0.38,0.53,49,9,0.69,4
71,7513.89,202,0.37,0.38,0.53,49,9,0.69,5
72,7595.22,205,0.37,0.38,0.53,49,9,0.75,3
73,7704.64,209,0.37,0.35,0.53,49,9,0.75,4
74,7816.56,213,0.37,0.34,0.53,49,9,0.75,5
75,7971.42,216,0.37,0.35,0.53,48,5,0.5,3
76,8123.55,219,0.37,0.38,0.53,48,5,0.5,4
77,8277.01,222,0.37,0.38,0.53,48,5,0.5,5
78,8414.58,225,0.37,0.38,0.53,48,5,0.56,3
79,8553.42,228,0.38,0.38,0.53,48,5,0.56,4
80,8693.77,231,0.38,0.38,0.53,48,5,0.56,5
81,8811.88,234,0.38,0.38,0.53,48,5,0.62,3
82,8932.93,237,0.38,0.38,0.53,48,5,0.62,4
83,9090.16,241,0.38,0.38,0.53,48,5,0.62,5
84,9221.59,245,0.38,0.38,0.53,48,5,0.69,3
85,9353.53,249,0.38,0.38,0.53,48,5,0.69,4
86,9487.31,253,0.37,0.38,0.53,48,5,0.69,5
87,9621.14,258,0.37,0.38,0.53,48,5,0.75,3
88,9777.71,264,0.37,0.36,0.53,48,5,0.75,4
89,9936.27,270,0.37,0.35,0.53,48,5,0.75,5
90,10092.13,273,0.37,0.35,0.53,48,6,0.5,3
91,10246.93,276,0.37,0.36,0.53,48,6,0.5,4
92,10401.74,279,0.37,0.38,0.53,48,6,0.5,5
93,10540.65,282,0.37,0.38,0.53,48,6,0.56,3
94,10678.23,285,0.37,0.38,0.53,48,6,0.56,4
95,10815.8,288,0.38,0.38,0.53,48,6,0.56,5
96,10972.23,292,0.38,0.38,0.53,48,6,0.62,3
97,11129.45,296,0.38,0.38,0.53,48,6,0.62,4
98,11286.66,300,0.38,0.38,0.53,48,6,0.62,5
99,11418.67,304,0.38,0.38,0.53,48,6,0.69,3
100,11549.86,308,0.37,0.38,0.53,48,6,0.69,4
101,11680.6,312,0.37,0.38,0.53,48,6,0.69,5
102,11813.92,317,0.37,0.38,0.53,48,6,0.75,3
103,11970.32,323,0.37,0.38,0.53,48,6,0.75,4
104,12130.68,329,0.37,0.35,0.53,48,6,0.75,5
105,12286.53,332,0.37,0.35,0.53,48,7,0.5,3
106,12441.34,335,0.37,0.38,0.53,48,7,0.5,4
107,12596.1,338,0.37,0.38,0.53,48,7,0.5,5
108,12735.01,341,0.37,0.38,0.53,48,7,0.56,3
109,12872.59,344,0.37,0.38,0.53,48,7,0.56,4
110,13011.63,347,0.37,0.38,0.53,48,7,0.56,5
111,13168.07,351,0.38,0.38,0.53,48,7,0.62,3
112,13325.29,355,0.38,0.38,0.53,48,7,0.62,4
113,13481.67,359,0.38,0.38,0.53,48,7,0.62,5
114,13613.69,363,0.38,0.38,0.53,48,7,0.69,3
115,13744.88,367,0.37,0.38,0.53,48,7,0.69,4
116,13876.87,371,0.37,0.38,0.53,48,7,0.69,5
117,14010.18,376,0.37,0.38,0.53,48,7,0.75,3
118,14166.58,382,0.37,0.38,0.53,48,7,0.75,4
119,14328.87,388,0.37,0.35,0.53,48,7,0.75,5
120,14484.73,391,0.37,0.35,0.53,48,8,0.5,3
121,14639.74,394,0.37,0.38,0.53,48,8,0.5,4
122,14794.66,397,0.37,0.38,0.53,48,8,0.5,5
123,14933.58,400,0.37,0.38,0.53,48,8,0.56,3
124,15071.39,403,0.37,0.38,0.53,48,8,0.56,4
125,15210.61,406,0.37,0.38,0.53,48,8,0.56,5
126,15366.85,410,0.37,0.38,0.53,48,8,0.62,3
127,15522.88,414,0.37,0.38,0.53,48,8,0.62,4
128,15679.28,418,0.38,0.38,0.53,48,8,0.62,5
129,15811.78,422,0.37,0.38,0.53,48,8,0.69,3
130,15943.75,426,0.37,0.38,0.53,48,8,0.69,4
131,16076.45,430,0.37,0.38,0.53,48,8,0.69,5
132,16184.74,434,0.37,0.38,0.53,48,8,0.75,3
133,16318.65,439,0.37,0.38,0.53,48,8,0.75,4
134,16455.52,444,0.37,0.36,0.53,48,8,0.75,5
135,16611.38,447,0.37,0.38,0.53,48,9,0.5,3
136,16767.06,450,0.37,0.38,0.53,48,9,0.5,4
137,16922.54,453,0.37,0.38,0.53,48,9,0.5,5
138,17061.46,456,0.37,0.38,0.53,48,9,0.56,3
139,17200.01,459,0.37,0.38,0.53,48,9,0.56,4
140,17384.18,463,0.38,0.38,0.53,48,9,0.56,5
141,17540.42,467,0.38,0.38,0.53,48,9,0.62,3
142,17698.52,471,0.38,0.38,0.53,48,9,0.62,4
143,17856.67,475,0.38,0.38,0.53,48,9,0.62,5
144,17989.18,479,0.38,0.38,0.53,48,9,0.69,3
145,18121.06,483,0.38,0.38,0.53,48,9,0.69,4
146,18252.15,487,0.37,0.38,0.53,48,9,0.69,5
147,18360.44,491,0.37,0.38,0.53,48,9,0.75,3
148,18496.82,496,0.37,0.38,0.53,48,9,0.75,4
149,18635.7,501,0.37,0.38,0.53,48,9,0.75,5
150,18790.56,504,0.37,0.38,0.53,47,5,0.5,3
151,18942.69,507,0.37,0.38,0.53,47,5,0.5,4
152,19096.15,510,0.37,0.38,0.53,47,5,0.5,5
153,19233.72,513,0.37,0.38,0.53,47,5,0.56,3
154,19372.56,516,0.38,0.38,0.53,47,5,0.56,4
155,19512.9,519,0.38,0.38,0.53,47,5,0.56,5
156,19631.02,522,0.38,0.38,0.53,47,5,0.62,3
157,19752.07,525,0.38,0.38,0.53,47,5,0.62,4
158,19909.3,529,0.38,0.38,0.53,47,5,0.62,5
159,20040.73,533,0.38,0.38,0.53,47,5,0.69,3
160,20172.67,537,0.38,0.38,0.53,47,5,0.69,4
161,20306.45,541,0.38,0.38,0.53,47,5,0.69,5
162,20440.28,546,0.37,0.38,0.53,47,5,0.75,3
163,20596.85,552,0.37,0.38,0.53,47,5,0.75,4
164,20755.41,558,0.37,0.38,0.53,47,5,0.75,5
165,20911.27,561,0.37,0.38,0.53,47,6,0.5,3
166,21066.07,564,0.37,0.38,0.53,47,6,0.5,4
167,21220.88,567,0.37,0.38,0.53,47,6,0.5,5
168,21359.79,570,0.37,0.38,0.53,47,6,0.56,3
169,21497.37,573,0.38,0.38,0.53,47,6,0.56,4
170,21634.93,576,0.38,0.38,0.53,47,6,0.56,5
171,21791.37,580,0.38,0.38,0.53,47,6,0.62,3
172,21948.59,584,0.38,0.38,0.53,47,6,0.62,4
173,22105.8,588,0.38,0.38,0.53,47,6,0.62,5
174,22237.81,592,0.38,0.38,0.53,47,6,0.69,3
175,22369.0,596,0.38,0.38,0.53,47,6,0.69,4
176,22499.74,600,0.37,0.38,0.53,47,6,0.69,5
177,22633.06,605,0.37,0.38,0.53,47,6,0.75,3
178,22789.46,611,0.37,0.38,0.53,47,6,0.75,4
179,22949.82,617,0.37,0.38,0.53,47,6,0.75,5
180,23105.67,620,0.37,0.38,0.53,47,7,0.5,3
181,23260.48,623,0.37,0.38,0.53,47,7,0.5,4
182,23415.24,626,0.37,0.38,0.53,47,7,0.5,5
183,23554.15,629,0.37,0.38,0.53,47,7,0.56,3
184,23691.73,632,0.37,0.38,0.53,47,7,0.56,4
185,23830.77,635,0.38,0.38,0.53,47,7,0.56,5
186,23987.2,639,0.38,0.38,0.53,47,7,0.62,3
187,24144.42,643,0.38,0.38,0.53,47,7,0.62,4
188,24300.81,647,0.38,0.38,0.53,47,7,0.62,5
189,24432.83,651,0.38,0.38,0.53,47,7,0.69,3
190,24564.02,655,0.38,0.38,0.53,47,7,0.69,4
191,24696.01,659,0.37,0.38,0.53,47,7,0.69,5
192,24829.32,664,0.37,0.38,0.53,47,7,0.75,3
193,24985.72,670,0.37,0.38,0.53,47,7,0.75,4
194,25148.01,676,0.37,0.38,0.53,47,7,0.75,5
195,25303.87,679,0.37,0.38,0.53,47,8,0.5,3
196,25458.88,682,0.37,0.38,0.53,47,8,0.5,4
197,25613.8,685,0.37,0.38,0.53,47,8,0.5,5
198,25752.72,688,0.37,0.38,0.53,47,8,0.56,3
199,25890.53,691,0.37,0.38,0.53,47,8,0.56,4
200,26029.75,694,0.38,0.38,0.53,47,8,0.56,5
201,26185.99,698,0.38,0.38,0.53,47,8,0.62,3
202,26342.02,702,0.38,0.38,0.53,47,8,0.62,4
203,26498.41,706,0.38,0.38,0.53,47,8,0.62,5
204,26630.92,710,0.38,0.38,0.53,47,8,0.69,3
205,26762.89,714,0.37,0.38,0.53,47,8,0.69,4
206,26895.59,718,0.37,0.38,0.53,47,8,0.69,5
207,27003.88,722,0.37,0.38,0.53,47,8,0.75,3
208,27137.79,727,0.37,0.38,0.53,47,8,0.75,4
209,27274.28,732,0.37,0.38,0.53,47,8,0.75,5
210,27430.14,735,0.37,0.38,0.53,47,9,0.5,3
211,27585.82,738,0.37,0.38,0.53,47,9,0.5,4
212,27741.3,741,0.37,0.38,0.53,47,9,0.5,5
213,27880.22,744,0.37,0.38,0.53,47,9,0.56,3
214,28018.77,747,0.38,0.38,0.53,47,9,0.56,4
215,28202.94,751,0.38,0.38,0.53,47,9,0.56,5
216,28359.18,755,0.38,0.38,0.53,47,9,0.62,3
217,28517.28,759,0.38,0.38,0.53,47,9,0.62,4
218,28675.43,763,0.38,0.38,0.53,47,9,0.62,5
219,28807.94,767,0.38,0.38,0.53,47,9,0.69,3
220,28939.81,771,0.38,0.38,0.53,47,9,0.69,4
221,29070.91,775,0.38,0.38,0.53,47,9,0.69,5
222,29179.2,779,0.37,0.38,0.53,47,9,0.75,3
223,29315.58,784,0.37,0.38,0.53,47,9,0.75,4
224,29454.08,789,0.37,0.38,0.53,47,9,0.75,5
225,29608.97,792,0.37,0.38,0.53,46,5,0.5,3
226,29762.9,795,0.37,0.38,0.53,46,5,0.5,4
227,29915.09,798,0.37,0.38,0.53,46,5,0.5,5
228,30053.49,801,0.38,0.38,0.53,46,5,0.56,3
229,30193.17,804,0.38,0.38,0.53,46,5,0.56,4
230,30331.87,807,0.38,0.38,0.53,46,5,0.56,5
231,30449.59,810,0.38,0.38,0.53,46,5,0.62,3
232,30569.01,813,0.38,0.38,0.53,46,5,0.62,4
233,30687.75,816,0.38,0.38,0.53,46,5,0.62,5
234,30819.75,820,0.38,0.38,0.53,46,5,0.69,3
235,30955.25,824,0.38,0.38,0.53,46,5,0.69,4
236,31121.19,829,0.38,0.38,0.53,46,5,0.69,5
237,31282.61,835,0.37,0.38,0.53,46,5,0.75,3
238,31441.1,841,0.37,0.38,0.53,46,5,0.75,4
239,31597.5,847,0.37,0.38,0.53,46,5,0.75,5
240,31752.89,850,0.37,0.38,0.53,46,6,0.5,3
241,31910.02,853,0.37,0.38,0.53,46,6,0.5,4
242,32065.32,856,0.37,0.38,0.53,46,6,0.5,5
243,32204.3,859,0.37,0.38,0.53,46,6,0.56,3
244,32343.45,862,0.38,0.38,0.53,46,6,0.56,4
245,32481.53,865,0.38,0.38,0.53,46,6,0.56,5
246,32599.89,868,0.38,0.38,0.53,46,6,0.62,3
247,32718.7,871,0.38,0.38,0.53,46,6,0.62,4
248,32836.72,874,0.38,0.38,0.53,46,6,0.62,5
249,32968.71,878,0.38,0.38,0.53,46,6,0.69,3
250,33103.54,882,0.38,0.38,0.53,46,6,0.69,4
251,33267.32,887,0.38,0.38,0.53,46,6,0.69,5
252,33429.17,893,0.37,0.38,0.53,46,6,0.75,3
253,33593.34,899,0.37,0.38,0.53,46,6,0.75,4
254,33755.3,905,0.37,0.38,0.53,46,6,0.75,5
255,33910.02,908,0.37,0.38,0.53,46,7,0.5,3
256,34066.29,911,0.37,0.38,0.53,46,7,0.5,4
257,34221.76,914,0.37,0.38,0.53,46,7,0.5,5
258,34359.48,917,0.37,0.38,0.53,46,7,0.56,3
259,34497.12,920,0.37,0.38,0.53,46,7,0.56,4
260,34635.59,923,0.38,0.38,0.53,46,7,0.56,5
261,34755.04,926,0.38,0.38,0.53,46,7,0.62,3
262,34873.68,929,0.38,0.38,0.53,46,7,0.62,4
263,34994.26,932,0.38,0.38,0.53,46,7,0.62,5
264,35129.79,936,0.38,0.38,0.53,46,7,0.69,3
265,35294.91,941,0.38,0.38,0.53,46,7,0.69,4
266,35459.51,946,0.37,0.38,0.53,46,7,0.69,5
267,35621.54,952,0.37,0.38,0.53,46,7,0.75,3
268,35782.97,958,0.37,0.38,0.53,46,7,0.75,4
269,35946.18,964,0.37,0.38,0.53,46,7,0.75,5
270,36100.9,967,0.37,0.38,0.53,46,8,0.5,3
271,36257.18,970,0.37,0.38,0.53,46,8,0.5,4
272,36412.64,973,0.37,0.38,0.53,46,8,0.5,5
273,36550.36,976,0.37,0.38,0.53,46,8,0.56,3
274,36688.0,979,0.37,0.38,0.53,46,8,0.56,4
275,36826.47,982,0.38,0.38,0.53,46,8,0.56,5
276,36945.92,985,0.38,0.38,0.53,46,8,0.62,3
277,37064.56,988,0.38,0.38,0.53,46,8,0.62,4
278,37185.14,991,0.38,0.38,0.53,46,8,0.62,5
279,37320.67,995,0.38,0.38,0.53,46,8,0.69,3
280,37486.29,1000,0.37,0.38,0.53,46,8,0.69,4
281,37651.38,1005,0.37,0.38,0.53,46,8,0.69,5
282,37786.77,1010,0.37,0.38,0.53,46,8,0.75,3
283,37921.57,1015,0.37,0.38,0.53,46,8,0.75,4
284,38058.13,1020,0.37,0.36,0.53,46,8,0.75,5
285,38212.86,1023,0.37,0.38,0.53,46,9,0.5,3
286,38369.13,1026,0.37,0.38,0.53,46,9,0.5,4
287,38524.59,1029,0.37,0.38,0.53,46,9,0.5,5
288,38662.31,1032,0.37,0.38,0.53,46,9,0.56,3
289,38799.95,1035,0.37,0.38,0.53,46,9,0.56,4
290,38938.42,1038,0.38,0.38,0.53,46,9,0.56,5
291,39057.88,1041,0.38,0.38,0.53,46,9,0.62,3
292,39176.52,1044,0.38,0.38,0.53,46,9,0.62,4
293,39297.09,1047,0.38,0.38,0.53,46,9,0.62,5
294,39432.63,1051,0.38,0.38,0.53,46,9,0.69,3
295,39598.24,1056,0.37,0.38,0.53,46,9,0.69,4
296,39763.33,1061,0.37,0.38,0.53,46,9,0.69,5
297,39898.72,1066,0.37,0.38,0.53,46,9,0.75,3
298,40033.52,1071,0.37,0.38,0.53,46,9,0.75,4
299,40170.09,1076,0.37,0.35,0.53,46,9,0.75,5
300,40475.77,1082,0.37,0.38,0.53,45,5,0.5,3
301,40780.49,1088,0.37,0.38,0.53,45,5,0.5,4
302,41083.47,1094,0.38,0.38,0.53,45,5,0.5,5
303,41407.39,1101,0.38,0.38,0.53,45,5,0.56,3
304,41732.59,1108,0.38,0.38,0.53,45,5,0.56,4
305,42056.8,1115,0.38,0.38,0.53,45,5,0.56,5
306,42326.99,1122,0.38,0.38,0.53,45,5,0.62,3
307,42598.89,1129,0.38,0.38,0.53,45,5,0.62,4
308,42870.11,1136,0.38,0.38,0.53,45,5,0.62,5
309,43144.36,1144,0.38,0.38,0.53,45,5,0.69,3
310,43422.1,1152,0.38,0.38,0.53,45,5,0.69,4
311,43732.32,1161,0.38,0.38,0.53,45,5,0.69,5
312,44017.07,1171,0.38,0.38,0.53,45,5,0.75,3
313,44325.57,1182,0.38,0.38,0.53,45,5,0.75,4
314,44631.99,1193,0.37,0.38,0.53,45,5,0.75,5
315,44938.17,1199,0.37,0.38,0.53,45,6,0.5,3
316,45246.09,1205,0.38,0.38,0.53,45,6,0.5,4
317,45552.19,1211,0.38,0.38,0.53,45,6,0.5,5
318,45876.68,1218,0.38,0.38,0.53,45,6,0.56,3
319,46201.35,1225,0.38,0.38,0.53,45,6,0.56,4
320,46524.94,1232,0.38,0.38,0.53,45,6,0.56,5
321,46795.78,1239,0.38,0.38,0.53,45,6,0.62,3
322,47067.06,1246,0.38,0.38,0.53,45,6,0.62,4
323,47337.56,1253,0.38,0.38,0.53,45,6,0.62,5
324,47611.8,1261,0.38,0.38,0.53,45,6,0.69,3
325,47888.87,1269,0.38,0.38,0.53,45,6,0.69,4
326,48197.04,1278,0.38,0.38,0.53,45,6,0.69,5
327,48481.47,1288,0.38,0.38,0.53,45,6,0.75,3
328,48768.22,1298,0.38,0.38,0.53,45,6,0.75,4
329,49052.76,1308,0.38,0.38,0.53,45,6,0.75,5
330,49358.27,1314,0.38,0.38,0.53,45,7,0.5,3
331,49665.34,1320,0.38,0.38,0.53,45,7,0.5,4
332,49971.59,1326,0.38,0.38,0.53,45,7,0.5,5
333,50294.83,1333,0.38,0.38,0.53,45,7,0.56,3
334,50617.98,1340,0.38,0.38,0.53,45,7,0.56,4
335,50941.97,1347,0.38,0.38,0.53,45,7,0.56,5
336,51213.9,1354,0.38,0.38,0.53,45,7,0.62,3
337,51485.02,1361,0.38,0.38,0.53,45,7,0.62,4
338,51758.07,1368,0.38,0.38,0.53,45,7,0.62,5
339,52035.84,1376,0.38,0.38,0.53,45,7,0.69,3
340,52345.36,1385,0.38,0.38,0.53,45,7,0.69,4
341,52654.35,1394,0.38,0.38,0.53,45,7,0.69,5
342,52938.95,1404,0.38,0.38,0.53,45,7,0.75,3
343,53222.4,1414,0.38,0.38,0.53,45,7,0.75,4
344,53507.61,1424,0.38,0.38,0.53,45,7,0.75,5
345,53813.12,1430,0.38,0.38,0.53,45,8,0.5,3
346,54120.19,1436,0.38,0.38,0.53,45,8,0.5,4
347,54426.44,1442,0.38,0.38,0.53,45,8,0.5,5
348,54749.68,1449,0.38,0.38,0.53,45,8,0.56,3
349,55072.83,1456,0.38,0.38,0.53,45,8,0.56,4
350,55396.82,1463,0.38,0.38,0.53,45,8,0.56,5
351,55668.75,1470,0.38,0.38,0.53,45,8,0.62,3
352,55939.87,1477,0.38,0.38,0.53,45,8,0.62,4
353,56212.92,1484,0.38,0.38,0.53,45,8,0.62,5
354,56490.69,1492,0.38,0.38,0.53,45,8,0.69,3
355,56800.21,1501,0.38,0.38,0.53,45,8,0.69,4
356,57109.2,1510,0.38,0.38,0.53,45,8,0.69,5
357,57393.81,1520,0.38,0.38,0.53,45,8,0.75,3
358,57677.25,1530,0.38,0.38,0.53,45,8,0.75,4
359,57962.46,1540,0.38,0.38,0.53,45,8,0.75,5
360,58267.97,1546,0.38,0.38,0.53,45,9,0.5,3
361,58575.04,1552,0.38,0.38,0.53,45,9,0.5,4
362,58881.29,1558,0.38,0.38,0.53,45,9,0.5,5
363,59204.53,1565,0.38,0.38,0.53,45,9,0.56,3
364,59527.68,1572,0.38,0.38,0.53,45,9,0.56,4
365,59851.67,1579,0.38,0.38,0.53,45,9,0.56,5
366,60123.6,1586,0.38,0.38,0.53,45,9,0.62,3
367,60394.72,1593,0.38,0.38,0.53,45,9,0.62,4
368,60667.77,1600,0.38,0.38,0.53,45,9,0.62,5
369,60945.54,1608,0.38,0.38,0.53,45,9,0.69,3
370,61255.06,1617,0.38,0.38,0.53,45,9,0.69,4
371,61564.05,1626,0.38,0.38,0.53,45,9,0.69,5
372,61848.66,1636,0.38,0.38,0.53,45,9,0.75,3
373,62132.1,1646,0.38,0.38,0.53,45,9,0.75,4
374,62417.31,1656,0.38,0.38,0.53,45,9,0.75,5
375,62725.37,1662,0.38,0.38,0.53,44,5,0.5,3
376,63032.48,1668,0.38,0.38,0.53,44,5,0.5,4
377,63337.84,1674,0.38,0.38,0.53,44,5,0.5,5
378,63663.79,1681,0.38,0.38,0.53,44,5,0.56,3
379,63991.02,1688,0.38,0.38,0.53,44,5,0.56,4
380,64317.26,1695,0.38,0.38,0.53,44,5,0.56,5
381,64587.61,1702,0.38,0.38,0.53,44,5,0.62,3
382,64859.66,1709,0.38,0.38,0.53,44,5,0.62,4
383,65131.03,1716,0.38,0.38,0.53,44,5,0.62,5
384,65403.55,1724,0.38,0.38,0.53,44,5,0.69,3
385,65679.58,1732,0.38,0.38,0.53,44,5,0.69,4
386,65988.08,1741,0.38,0.38,0.53,44,5,0.69,5
387,66301.45,1752,0.38,0.38,0.53,44,5,0.75,3
388,66638.57,1764,0.38,0.38,0.53,44,5,0.75,4
389,66973.6,1776,0.38,0.38,0.53,44,5,0.75,5
390,67282.18,1782,0.38,0.38,0.53,44,6,0.5,3
391,67592.48,1788,0.38,0.38,0.53,44,6,0.5,4
392,67900.96,1794,0.38,0.38,0.53,44,6,0.5,5
393,68227.48,1801,0.38,0.38,0.53,44,6,0.56,3
394,68554.18,1808,0.38,0.38,0.53,44,6,0.56,4
395,68879.8,1815,0.38,0.38,0.53,44,6,0.56,5
396,69150.79,1822,0.38,0.38,0.53,44,6,0.62,3
397,69422.23,1829,0.38,0.38,0.53,44,6,0.62,4
398,69692.88,1836,0.38,0.38,0.53,44,6,0.62,5
399,69965.39,1844,0.38,0.38,0.53,44,6,0.69,3
400,70240.75,1852,0.38,0.38,0.53,44,6,0.69,4
401,70547.2,1861,0.38,0.38,0.53,44,6,0.69,5
402,70860.24,1872,0.38,0.38,0.53,44,6,0.75,3
403,71175.61,1883,0.38,0.38,0.53,44,6,0.75,4
404,71488.77,1894,0.38,0.38,0.53,44,6,0.75,5
405,71796.67,1900,0.38,0.38,0.53,44,7,0.5,3
406,72106.12,1906,0.38,0.38,0.53,44,7,0.5,4
407,72414.76,1912,0.38,0.38,0.53,44,7,0.5,5
408,72740.02,1919,0.38,0.38,0.53,44,7,0.56,3
409,73065.21,1926,0.38,0.38,0.53,44,7,0.56,4
410,73391.23,1933,0.38,0.38,0.53,44,7,0.56,5
411,73663.31,1940,0.38,0.38,0.53,44,7,0.62,3
412,73934.58,1947,0.38,0.38,0.53,44,7,0.62,4
413,74207.78,1954,0.38,0.38,0.53,44,7,0.62,5
414,74483.84,1962,0.38,0.38,0.53,44,7,0.69,3
415,74791.63,1971,0.38,0.38,0.53,44,7,0.69,4
416,75098.9,1980,0.38,0.38,0.53,44,7,0.69,5
417,75412.13,1991,0.38,0.38,0.53,44,7,0.75,3
418,75724.19,2002,0.38,0.38,0.53,44,7,0.75,4
419,76037.7,2013,0.38,0.38,0.53,44,7,0.75,5
420,76345.59,2019,0.38,0.38,0.53,44,8,0.5,3
421,76655.04,2025,0.38,0.38,0.53,44,8,0.5,4
422,76963.68,2031,0.38,0.38,0.53,44,8,0.5,5
423,77288.94,2038,0.38,0.38,0.53,44,8,0.56,3
424,77614.13,2045,0.38,0.38,0.53,44,8,0.56,4
425,77940.15,2052,0.38,0.38,0.53,44,8,0.56,5
426,78212.23,2059,0.38,0.38,0.53,44,8,0.62,3
427,78483.5,2066,0.38,0.38,0.53,44,8,0.62,4
428,78756.71,2073,0.38,0.38,0.53,44,8,0.62,5
429,79032.76,2081,0.38,0.38,0.53,44,8,0.69,3
430,79340.56,2090,0.38,0.38,0.53,44,8,0.69,4
431,79647.83,2099,0.38,0.38,0.53,44,8,0.69,5
432,79961.05,2110,0.38,0.38,0.53,44,8,0.75,3
433,80273.12,2121,0.38,0.38,0.53,44,8,0.75,4
434,80586.62,2132,0.38,0.38,0.53,44,8,0.75,5
435,80894.51,2138,0.38,0.38,0.53,44,9,0.5,3
436,81203.96,2144,0.38,0.38,0.53,44,9,0.5,4
437,81512.6,2150,0.38,0.38,0.53,44,9,0.5,5
438,81837.87,2157,0.38,0.38,0.53,44,9,0.56,3
439,82163.05,2164,0.38,0.38,0.53,44,9,0.56,4
440,82489.07,2171,0.38,0.38,0.53,44,9,0.56,5
441,82761.15,2178,0.38,0.38,0.53,44,9,0.62,3
442,83032.42,2185,0.38,0.38,0.53,44,9,0.62,4
443,83305.63,2192,0.38,0.38,0.53,44,9,0.62,5
444,83581.68,2200,0.38,0.38,0.53,44,9,0.69,3
445,83889.48,2209,0.38,0.38,0.53,44,9,0.69,4
446,84196.75,2218,0.38,0.38,0.53,44,9,0.69,5
447,84509.98,2229,0.38,0.38,0.53,44,9,0.75,3
448,84822.04,2240,0.38,0.38,0.53,44,9,0.75,4
449,85135.54,2251,0.38,0.38,0.53,44,9,0.75,5
450,85494.24,2258,0.38,0.38,0.53,43,5,0.5,3
451,85851.99,2265,0.38,0.38,0.53,43,5,0.5,4
452,86207.99,2272,0.38,0.38,0.53,43,5,0.5,5
453,86576.07,2280,0.38,0.38,0.53,43,5,0.56,3
454,86945.43,2288,0.38,0.38,0.53,43,5,0.56,4
455,87313.81,2296,0.38,0.38,0.53,43,5,0.56,5
456,87624.02,2304,0.38,0.38,0.53,43,5,0.62,3
457,87935.93,2312,0.38,0.38,0.53,43,5,0.62,4
458,88247.16,2320,0.38,0.38,0.53,43,5,0.62,5
459,88554.29,2329,0.38,0.38,0.53,43,5,0.69,3
460,88864.9,2338,0.38,0.38,0.53,43,5,0.69,4
461,89206.09,2348,0.38,0.38,0.53,43,5,0.69,5
462,89569.79,2361,0.38,0.38,0.53,43,5,0.75,3
463,89959.3,2375,0.38,0.38,0.53,43,5,0.75,4
464,90346.96,2389,0.38,0.38,0.53,43,5,0.75,5
465,90706.18,2396,0.38,0.38,0.53,43,6,0.5,3
466,91067.12,2403,0.38,0.38,0.53,43,6,0.5,4
467,91426.24,2410,0.38,0.38,0.53,43,6,0.5,5
468,91794.89,2418,0.38,0.38,0.53,43,6,0.56,3
469,92163.72,2426,0.38,0.38,0.53,43,6,0.56,4
470,92531.48,2434,0.38,0.38,0.53,43,6,0.56,5
471,92842.33,2442,0.38,0.38,0.53,43,6,0.62,3
472,93153.63,2450,0.38,0.38,0.53,43,6,0.62,4
473,93464.15,2458,0.38,0.38,0.53,43,6,0.62,5
474,93771.25,2467,0.38,0.38,0.53,43,6,0.69,3
475,94081.21,2476,0.38,0.38,0.53,43,6,0.69,4
476,94421.07,2486,0.38,0.38,0.53,43,6,0.69,5
477,94785.24,2499,0.38,0.38,0.53,43,6,0.75,3
478,95151.73,2512,0.38,0.38,0.53,43,6,0.75,4
479,95516.25,2525,0.38,0.38,0.53,43,6,0.75,5
480,95874.79,2532,0.38,0.38,0.53,43,7,0.5,3
481,96234.88,2539,0.38,0.38,0.53,43,7,0.5,4
482,96594.16,2546,0.38,0.38,0.53,43,7,0.5,5
483,96961.55,2554,0.38,0.38,0.53,43,7,0.56,3
484,97328.87,2562,0.38,0.38,0.53,43,7,0.56,4
485,97697.02,2570,0.38,0.38,0.53,43,7,0.56,5
486,98008.97,2578,0.38,0.38,0.53,43,7,0.62,3
487,98320.1,2586,0.38,0.38,0.53,43,7,0.62,4
488,98633.17,2594,0.38,0.38,0.53,43,7,0.62,5
489,98943.82,2603,0.38,0.38,0.53,43,7,0.69,3
490,99285.03,2613,0.38,0.38,0.53,43,7,0.69,4
491,99625.71,2623,0.38,0.38,0.53,43,7,0.69,5
492,99990.06,2636,0.38,0.38,0.53,43,7,0.75,3
493,100354.51,2649,0.38,0.38,0.53,43,7,0.75,4
494,100720.41,2662,0.38,0.38,0.53,43,7,0.75,5
495,101078.95,2669,0.38,0.38,0.53,43,8,0.5,3
496,101439.04,2676,0.38,0.38,0.53,43,8,0.5,4
497,101798.31,2683,0.38,0.38,0.53,43,8,0.5,5
498,102165.71,2691,0.38,0.38,0.53,43,8,0.56,3
499,102533.03,2699,0.38,0.38,0.53,43,8,0.56,4
500,102901.18,2707,0.38,0.38,0.53,43,8,0.56,5
501,103213.13,2715,0.38,0.38,0.53,43,8,0.62,3
502,103524.25,2723,0.38,0.38,0.53,43,8,0.62,4
503,103837.32,2731,0.38,0.38,0.53,43,8,0.62,5
504,104147.97,2740,0.38,0.38,0.53,43,8,0.69,3
505,104488.75,2750,0.38,0.38,0.53,43,8,0.69,4
506,104828.99,2760,0.38,0.38,0.53,43,8,0.69,5
507,105192.86,2773,0.38,0.38,0.53,43,8,0.75,3
508,105557.32,2786,0.38,0.38,0.53,43,8,0.75,4
509,105923.21,2799,0.38,0.38,0.53,43,8,0.75,5
510,106281.75,2806,0.38,0.38,0.53,43,9,0.5,3
511,106641.84,2813,0.38,0.38,0.53,43,9,0.5,4
512,107001.12,2820,0.38,0.38,0.53,43,9,0.5,5
513,107368.51,2828,0.38,0.38,0.53,43,9,0.56,3
514,107735.83,2836,0.38,0.38,0.53,43,9,0.56,4
515,108103.98,2844,0.38,0.38,0.53,43,9,0.56,5
516,108415.93,2852,0.38,0.38,0.53,43,9,0.62,3
517,108727.06,2860,0.38,0.38,0.53,43,9,0.62,4
518,109040.13,2868,0.38,0.38,0.53,43,9,0.62,5
519,109350.78,2877,0.38,0.38,0.53,43,9,0.69,3
520,109691.55,2887,0.38,0.38,0.53,43,9,0.69,4
521,110031.79,2897,0.38,0.38,0.53,43,9,0.69,5
522,110395.67,2910,0.38,0.38,0.53,43,9,0.75,3
523,110760.12,2923,0.38,0.38,0.53,43,9,0.75,4
524,111126.01,2936,0.38,0.38,0.53,43,9,0.75,5
525,111484.71,2943,0.38,0.38,0.53,42,5,0.5,3
526,111842.46,2950,0.38,0.38,0.53,42,5,0.5,4
527,112198.47,2957,0.38,0.38,0.53,42,5,0.5,5
528,112566.55,2965,0.38,0.38,0.53,42,5,0.56,3
529,112935.91,2973,0.38,0.38,0.53,42,5,0.56,4
530,113304.28,2981,0.38,0.38,0.53,42,5,0.56,5
531,113655.11,2990,0.38,0.38,0.53,42,5,0.62,3
532,114007.64,2999,0.38,0.38,0.53,42,5,0.62,4
533,114359.5,3008,0.38,0.38,0.53,42,5,0.62,5
534,114697.32,3018,0.38,0.38,0.53,42,5,0.69,3
535,115038.64,3028,0.38,0.38,0.53,42,5,0.69,4
536,115410.53,3039,0.38,0.38,0.53,42,5,0.69,5
537,115830.49,3054,0.38,0.38,0.53,42,5,0.75,3
538,116276.28,3070,0.38,0.38,0.53,42,5,0.75,4
539,116720.22,3086,0.38,0.38,0.53,42,5,0.75,5
540,117079.44,3093,0.38,0.38,0.53,42,6,0.5,3
541,117440.38,3100,0.38,0.38,0.53,42,6,0.5,4
542,117799.5,3107,0.38,0.38,0.53,42,6,0.5,5
543,118168.15,3115,0.38,0.38,0.53,42,6,0.56,3
544,118536.98,3123,0.38,0.38,0.53,42,6,0.56,4
545,118904.74,3131,0.38,0.38,0.53,42,6,0.56,5
546,119256.21,3140,0.38,0.38,0.53,42,6,0.62,3
547,119608.13,3149,0.38,0.38,0.53,42,6,0.62,4
548,119959.26,3158,0.38,0.38,0.53,42,6,0.62,5
549,120297.07,3168,0.38,0.38,0.53,42,6,0.69,3
550,120637.73,3178,0.38,0.38,0.53,42,6,0.69,4
551,121008.29,3189,0.38,0.38,0.53,42,6,0.69,5
552,121428.73,3204,0.38,0.38,0.53,42,6,0.75,3
553,121851.5,3219,0.38,0.38,0.53,42,6,0.75,4
554,122272.29,3234,0.38,0.38,0.53,42,6,0.75,5
555,122630.83,3241,0.38,0.38,0.53,42,7,0.5,3
556,122990.92,3248,0.38,0.38,0.53,42,7,0.5,4
557,123350.2,3255,0.38,0.38,0.53,42,7,0.5,5
558,123717.6,3263,0.38,0.38,0.53,42,7,0.56,3
559,124084.92,3271,0.38,0.38,0.53,42,7,0.56,4
560,124453.06,3279,0.38,0.38,0.53,42,7,0.56,5
561,124805.63,3288,0.38,0.38,0.53,42,7,0.62,3
562,125157.38,3297,0.38,0.38,0.53,42,7,0.62,4
563,125511.07,3306,0.38,0.38,0.53,42,7,0.62,5
564,125852.42,3316,0.38,0.38,0.53,42,7,0.69,3
565,126224.33,3327,0.38,0.38,0.53,42,7,0.69,4
566,126595.72,3338,0.38,0.38,0.53,42,7,0.69,5
567,127016.34,3353,0.38,0.38,0.53,42,7,0.75,3
568,127437.07,3368,0.38,0.38,0.53,42,7,0.75,4
569,127859.24,3383,0.38,0.38,0.53,42,7,0.75,5
570,128217.77,3390,0.38,0.38,0.53,42,8,0.5,3
571,128577.86,3397,0.38,0.38,0.53,42,8,0.5,4
572,128937.14,3404,0.38,0.38,0.53,42,8,0.5,5
573,129304.54,3412,0.38,0.38,0.53,42,8,0.56,3
574,129671.86,3420,0.38,0.38,0.53,42,8,0.56,4
575,130040.01,3428,0.38,0.38,0.53,42,8,0.56,5
576,130392.57,3437,0.38,0.38,0.53,42,8,0.62,3
577,130744.32,3446,0.38,0.38,0.53,42,8,0.62,4
578,131098.01,3455,0.38,0.38,0.53,42,8,0.62,5
579,131439.36,3465,0.38,0.38,0.53,42,8,0.69,3
580,131810.83,3476,0.38,0.38,0.53,42,8,0.69,4
581,132181.78,3487,0.38,0.38,0.53,42,8,0.69,5
582,132601.93,3502,0.38,0.38,0.53,42,8,0.75,3
583,133022.66,3517,0.38,0.38,0.53,42,8,0.75,4
584,133444.82,3532,0.38,0.38,0.53,42,8,0.75,5
585,133803.36,3539,0.38,0.38,0.53,42,9,0.5,3
586,134163.45,3546,0.38,0.38,0.53,42,9,0.5,4
587,134522.73,3553,0.38,0.38,0.53,42,9,0.5,5
588,134890.13,3561,0.38,0.38,0.53,42,9,0.56,3
589,135257.45,3569,0.38,0.38,0.53,42,9,0.56,4
590,135625.59,3577,0.38,0.38,0.53,42,9,0.56,5
591,135978.16,3586,0.38,0.38,0.53,42,9,0.62,3
592,136329.91,3595,0.38,0.38,0.53,42,9,0.62,4
593,136683.6,3604,0.38,0.38,0.53,42,9,0.62,5
594,137024.95,3614,0.38,0.38,0.53,42,9,0.69,3
595,137396.42,3625,0.38,0.38,0.53,42,9,0.69,4
596,137767.37,3636,0.38,0.38,0.53,42,9,0.69,5
597,138187.51,3651,0.38,0.38,0.53,42,9,0.75,3
598,138608.24,3666,0.38,0.38,0.53,42,9,0.75,4
599,139030.41,3681,0.38,0.38,0.53,42,9,0.75,5
600,139385.95,3688,0.38,0.38,0.53,41,5,0.5,3
601,139742.76,3695,0.38,0.38,0.53,41,5,0.5,4
602,140102.03,3702,0.38,0.38,0.55,41,5,0.5,5
603,140421.42,3709,0.38,0.38,0.55,41,5,0.56,3
604,140741.68,3716,0.38,0.38,0.55,41,5,0.56,4
605,141062.32,3723,0.38,0.38,0.55,41,5,0.56,5
606,141333.21,3730,0.38,0.38,0.55,41,5,0.62,3
607,141608.09,3737,0.38,0.38,0.55,41,5,0.62,4
608,141918.83,3745,0.38,0.38,0.55,41,5,0.62,5
609,142214.57,3754,0.38,0.38,0.55,41,5,0.69,3
610,142548.36,3764,0.38,0.38,0.55,41,5,0.69,4
611,142907.95,3775,0.38,0.38,0.55,41,5,0.69,5
612,143291.46,3789,0.38,0.38,0.55,41,5,0.75,3
613,143706.24,3804,0.38,0.38,0.55,41,5,0.75,4
614,144116.35,3819,0.38,0.38,0.55,41,5,0.75,5
615,144472.51,3826,0.38,0.38,0.55,41,6,0.5,3
616,144830.16,3833,0.38,0.38,0.55,41,6,0.5,4
617,145187.82,3840,0.38,0.38,0.55,41,6,0.5,5
618,145509.12,3847,0.38,0.38,0.55,41,6,0.56,3
619,145832.8,3854,0.38,0.38,0.55,41,6,0.56,4
620,146153.35,3861,0.38,0.38,0.55,41,6,0.56,5
621,146429.11,3868,0.38,0.38,0.55,41,6,0.62,3
622,146742.86,3876,0.38,0.38,0.55,41,6,0.62,4
623,147052.86,3884,0.38,0.38,0.55,41,6,0.62,5
624,147385.29,3894,0.38,0.38,0.55,41,6,0.69,3
625,147715.04,3904,0.38,0.38,0.55,41,6,0.69,4
626,148074.65,3915,0.38,0.38,0.55,41,6,0.69,5
627,148489.64,3930,0.38,0.38,0.55,41,6,0.75,3
628,148900.53,3945,0.38,0.38,0.55,41,6,0.75,4
629,149312.18,3960,0.38,0.38,0.55,41,6,0.75,5
630,149667.66,3967,0.38,0.38,0.55,41,7,0.5,3
631,150024.46,3974,0.38,0.38,0.55,41,7,0.5,4
632,150382.28,3981,0.38,0.38,0.55,41,7,0.5,5
633,150702.32,3988,0.38,0.38,0.55,41,7,0.56,3
634,151024.49,3995,0.38,0.38,0.55,41,7,0.56,4
635,151345.43,4002,0.38,0.38,0.55,41,7,0.56,5
636,151622.29,4009,0.38,0.38,0.55,41,7,0.62,3
637,151935.86,4017,0.38,0.38,0.55,41,7,0.62,4
638,152248.42,4025,0.38,0.38,0.55,41,7,0.62,5
639,152584.39,4035,0.38,0.38,0.55,41,7,0.69,3
640,152945.4,4046,0.38,0.38,0.55,41,7,0.69,4
641,153305.83,4057,0.38,0.38,0.55,41,7,0.69,5
642,153721.0,4072,0.38,0.38,0.55,41,7,0.75,3
643,154129.85,4087,0.38,0.38,0.55,41,7,0.75,4
644,154542.88,4102,0.38,0.38,0.55,41,7,0.75,5
645,154898.36,4109,0.38,0.38,0.55,41,8,0.5,3
646,155255.16,4116,0.38,0.38,0.55,41,8,0.5,4
647,155612.97,4123,0.38,0.38,0.55,41,8,0.5,5
648,155933.02,4130,0.38,0.38,0.55,41,8,0.56,3
649,156255.18,4137,0.38,0.38,0.55,41,8,0.56,4
650,156576.13,4144,0.38,0.38,0.55,41,8,0.56,5
651,156852.98,4151,0.38,0.38,0.55,41,8,0.62,3
652,157166.56,4159,0.38,0.38,0.55,41,8,0.62,4
653,157479.12,4167,0.38,0.38,0.55,41,8,0.62,5
654,157815.09,4177,0.38,0.38,0.55,41,8,0.69,3
655,158175.66,4188,0.38,0.38,0.55,41,8,0.69,4
656,158535.64,4199,0.38,0.38,0.55,41,8,0.69,5
657,158950.34,4214,0.38,0.38,0.55,41,8,0.75,3
658,159359.2,4229,0.38,0.38,0.55,41,8,0.75,4
659,159772.22,4244,0.38,0.38,0.55,41,8,0.75,5
660,160127.7,4251,0.38,0.38,0.55,41,9,0.5,3
661,160484.5,4258,0.38,0.38,0.55,41,9,0.5,4
662,160842.31,4265,0.38,0.38,0.55,41,9,0.5,5
663,161162.36,4272,0.38,0.38,0.55,41,9,0.56,3
664,161484.53,4279,0.38,0.38,0.55,41,9,0.56,4
665,161805.47,4286,0.38,0.38,0.55,41,9,0.56,5
666,162082.33,4293,0.38,0.38,0.55,41,9,0.62,3
667,162395.9,4301,0.38,0.38,0.55,41,9,0.62,4
668,162708.46,4309,0.38,0.38,0.55,41,9,0.62,5
669,163044.43,4319,0.38,0.38,0.55,41,9,0.69,3
670,163405.0,4330,0.38,0.38,0.55,41,9,0.69,4
671,163764.99,4341,0.38,0.38,0.55,41,9,0.69,5
672,164179.68,4356,0.38,0.38,0.55,41,9,0.75,3
673,164588.54,4371,0.38,0.38,0.55,41,9,0.75,4
674,165001.56,4386,0.38,0.38,0.55,41,9,0.75,5
675,165461.44,4395,0.38,0.38,0.55,40,5,0.5,3
676,165922.79,4404,0.38,0.38,0.55,40,5,0.5,4
677,166386.73,4413,0.38,0.38,0.55,40,5,0.5,5
678,166838.88,4423,0.38,0.38,0.55,40,5,0.56,3
679,167291.29,4433,0.38,0.38,0.55,40,5,0.56,4
680,167744.22,4443,0.38,0.38,0.55,40,5,0.56,5
681,168175.79,4454,0.38,0.38,0.55,40,5,0.62,3
682,168605.06,4465,0.38,0.38,0.55,40,5,0.62,4
683,169071.51,4477,0.38,0.38,0.55,40,5,0.62,5
684,169506.87,4490,0.38,0.38,0.55,40,5,0.69,3
685,169975.88,4504,0.38,0.38,0.55,40,5,0.69,4
686,170475.51,4519,0.38,0.38,0.55,40,5,0.69,5
687,170962.3,4537,0.38,0.38,0.55,40,5,0.75,3
688,171480.65,4556,0.38,0.38,0.55,40,5,0.75,4
689,171994.49,4575,0.38,0.38,0.55,40,5,0.75,5
690,172454.89,4584,0.38,0.38,0.55,40,6,0.5,3
691,172916.59,4593,0.38,0.38,0.55,40,6,0.5,4
692,173380.81,4602,0.38,0.38,0.55,40,6,0.5,5
693,173833.52,4612,0.38,0.38,0.55,40,6,0.56,3
694,174286.34,4622,0.38,0.38,0.55,40,6,0.56,4
695,174739.59,4632,0.38,0.38,0.55,40,6,0.56,5
696,175171.79,4643,0.38,0.38,0.55,40,6,0.62,3
697,175601.52,4654,0.38,0.38,0.55,40,6,0.62,4
698,176068.32,4666,0.38,0.38,0.55,40,6,0.62,5
699,176503.67,4679,0.38,0.38,0.55,40,6,0.69,3
700,176973.17,4693,0.38,0.38,0.55,40,6,0.69,4
701,177472.63,4708,0.38,0.38,0.55,40,6,0.69,5
702,177959.88,4726,0.38,0.38,0.55,40,6,0.75,3
703,178479.67,4745,0.38,0.38,0.55,40,6,0.75,4
704,178994.83,4764,0.38,0.38,0.55,40,6,0.75,5
705,179454.74,4773,0.38,0.38,0.55,40,7,0.5,3
706,179916.13,4782,0.38,0.38,0.55,40,7,0.5,4
707,180378.62,4791,0.38,0.38,0.55,40,7,0.5,5
708,180830.69,4801,0.38,0.38,0.55,40,7,0.56,3
709,181285.09,4811,0.38,0.38,0.55,40,7,0.56,4
710,181738.34,4821,0.38,0.38,0.55,40,7,0.56,5
711,182169.45,4832,0.38,0.38,0.55,40,7,0.62,3
712,182638.67,4844,0.38,0.38,0.55,40,7,0.62,4
713,183112.14,4856,0.38,0.38,0.55,40,7,0.62,5
714,183583.17,4870,0.38,0.38,0.55,40,7,0.69,3
715,184084.13,4885,0.38,0.38,0.55,40,7,0.69,4
716,184585.98,4900,0.38,0.38,0.55,40,7,0.69,5
717,185102.67,4919,0.38,0.38,0.55,40,7,0.75,3
718,185615.16,4938,0.38,0.38,0.55,40,7,0.75,4
719,186131.95,4957,0.38,0.38,0.55,40,7,0.75,5
720,186591.86,4966,0.38,0.38,0.55,40,8,0.5,3
721,187053.25,4975,0.38,0.38,0.55,40,8,0.5,4
722,187515.74,4984,0.38,0.38,0.55,40,8,0.5,5
723,187967.81,4994,0.38,0.38,0.55,40,8,0.56,3
724,188422.21,5004,0.38,0.38,0.55,40,8,0.56,4
725,188875.46,5014,0.38,0.38,0.55,40,8,0.56,5
726,189306.57,5025,0.38,0.38,0.55,40,8,0.62,3
727,189775.79,5037,0.38,0.38,0.55,40,8,0.62,4
728,190249.26,5049,0.38,0.38,0.55,40,8,0.62,5
729,190720.29,5063,0.38,0.38,0.55,40,8,0.69,3
730,191220.81,5078,0.38,0.38,0.55,40,8,0.69,4
731,191722.66,5093,0.38,0.38,0.55,40,8,0.69,5
732,192239.35,5112,0.38,0.38,0.55,40,8,0.75,3
733,192751.84,5131,0.38,0.38,0.55,40,8,0.75,4
734,193268.64,5150,0.38,0.38,0.55,40,8,0.75,5
735,193728.54,5159,0.38,0.38,0.55,40,9,0.5,3
736,194189.93,5168,0.38,0.38,0.55,40,9,0.5,4
737,194652.43,5177,0.38,0.38,0.55,40,9,0.5,5
738,195104.49,5187,0.38,0.38,0.55,40,9,0.56,3
739,195558.89,5197,0.38,0.38,0.55,40,9,0.56,4
740,196012.14,5207,0.38,0.38,0.55,40,9,0.56,5
741,196443.25,5218,0.38,0.38,0.55,40,9,0.62,3
742,196912.47,5230,0.38,0.38,0.55,40,9,0.62,4
743,197385.94,5242,0.38,0.38,0.55,40,9,0.62,5
744,197856.97,5256,0.38,0.38,0.55,40,9,0.69,3
745,198357.49,5271,0.38,0.38,0.55,40,9,0.69,4
746,198859.34,5286,0.38,0.38,0.55,40,9,0.69,5
747,199376.03,5305,0.38,0.38,0.55,40,9,0.75,3
748,199888.52,5324,0.38,0.38,0.55,40,9,0.75,4
749,200405.32,5343,0.38,0.38,0.55,40,9,0.75,5
750,200866.59,5352,0.38,0.38,0.55,39,5,0.5,3
751,201330.16,5361,0.38,0.38,0.55,39,5,0.5,4
752,201795.68,5370,0.38,0.38,0.55,39,5,0.5,5
753,202245.27,5380,0.38,0.38,0.55,39,5,0.56,3
754,202695.25,5390,0.38,0.38,0.55,39,5,0.56,4
755,203145.82,5400,0.38,0.38,0.55,39,5,0.56,5
756,203577.3,5411,0.38,0.38,0.55,39,5,0.62,3
757,204044.49,5423,0.38,0.38,0.55,39,5,0.62,4
758,204548.9,5436,0.38,0.38,0.55,39,5,0.62,5
759,205015.97,5450,0.38,0.38,0.55,39,5,0.69,3
760,205516.84,5465,0.38,0.38,0.55,39,5,0.69,4
761,206016.8,5480,0.38,0.38,0.55,39,5,0.69,5
762,206501.19,5498,0.38,0.38,0.55,39,5,0.75,3
763,207017.44,5517,0.38,0.38,0.55,39,5,0.75,4
764,207529.13,5536,0.37,0.38,0.55,39,5,0.75,5
765,207991.17,5545,0.38,0.38,0.55,39,6,0.5,3
766,208455.35,5554,0.38,0.38,0.55,39,6,0.5,4
767,208921.39,5563,0.38,0.38,0.55,39,6,0.5,5
768,209371.83,5573,0.38,0.38,0.55,39,6,0.56,3
769,209822.5,5583,0.38,0.38,0.55,39,6,0.56,4
770,210273.65,5593,0.38,0.38,0.55,39,6,0.56,5
771,210706.1,5604,0.38,0.38,0.55,39,6,0.62,3
772,211174.06,5616,0.38,0.38,0.55,39,6,0.62,4
773,211679.15,5629,0.38,0.38,0.55,39,6,0.62,5
774,212146.55,5643,0.38,0.38,0.55,39,6,0.69,3
775,212648.26,5658,0.38,0.38,0.55,39,6,0.69,4
776,213147.59,5673,0.38,0.38,0.55,39,6,0.69,5
777,213604.26,5690,0.38,0.38,0.55,39,6,0.75,3
778,214121.43,5709,0.38,0.38,0.55,39,6,0.75,4
779,214634.83,5728,0.37,0.38,0.55,39,6,0.75,5
780,215093.83,5737,0.37,0.38,0.55,39,7,0.5,3
781,215554.8,5746,0.38,0.38,0.55,39,7,0.5,4
782,216018.64,5755,0.38,0.38,0.55,39,7,0.5,5
783,216465.33,5765,0.38,0.38,0.55,39,7,0.56,3
784,216911.99,5775,0.38,0.38,0.55,39,7,0.56,4
785,217405.62,5786,0.38,0.38,0.55,39,7,0.56,5
786,217881.25,5798,0.38,0.38,0.55,39,7,0.62,3
787,218353.25,5810,0.38,0.38,0.55,39,7,0.62,4
788,218865.11,5823,0.38,0.38,0.55,39,7,0.62,5
789,219336.11,5837,0.38,0.38,0.55,39,7,0.69,3
790,219836.67,5852,0.38,0.38,0.55,39,7,0.69,4
791,220335.33,5867,0.38,0.38,0.55,39,7,0.69,5
792,220818.29,5885,0.38,0.38,0.55,39,7,0.75,3
793,221333.59,5904,0.37,0.38,0.55,39,7,0.75,4
794,221847.75,5923,0.37,0.38,0.55,39,7,0.75,5
795,222306.98,5932,0.37,0.38,0.55,39,8,0.5,3
796,222767.78,5941,0.37,0.38,0.55,39,8,0.5,4
797,223229.74,5950,0.38,0.38,0.55,39,8,0.5,5
798,223677.09,5960,0.38,0.38,0.55,39,8,0.56,3
799,224126.89,5970,0.38,0.38,0.55,39,8,0.56,4
800,224620.14,5981,0.38,0.38,0.55,39,8,0.56,5
801,225093.61,5993,0.38,0.38,0.55,39,8,0.62,3
802,225605.3,6006,0.38,0.38,0.55,39,8,0.62,4
803,226121.31,6019,0.38,0.38,0.55,39,8,0.62,5
804,226624.5,6034,0.38,0.38,0.55,39,8,0.69,3
805,227127.15,6049,0.38,0.38,0.55,39,8,0.69,4
806,227628.63,6064,0.38,0.38,0.55,39,8,0.69,5
807,228142.77,6083,0.38,0.38,0.55,39,8,0.75,3
808,228652.84,6102,0.37,0.38,0.55,39,8,0.75,4
809,229167.29,6121,0.37,0.38,0.55,39,8,0.75,5
810,229626.52,6130,0.37,0.38,0.55,39,9,0.5,3
811,230087.33,6139,0.37,0.38,0.55,39,9,0.5,4
812,230549.28,6148,0.37,0.38,0.55,39,9,0.5,5
813,230996.64,6158,0.38,0.38,0.55,39,9,0.56,3
814,231446.43,6168,0.38,0.38,0.55,39,9,0.56,4
815,231939.68,6179,0.38,0.38,0.55,39,9,0.56,5
816,232413.15,6191,0.38,0.38,0.55,39,9,0.62,3
817,232924.85,6204,0.38,0.38,0.55,39,9,0.62,4
818,233440.85,6217,0.38,0.38,0.55,39,9,0.62,5
819,233944.05,6232,0.38,0.38,0.55,39,9,0.69,3
820,234446.69,6247,0.38,0.38,0.55,39,9,0.69,4
821,234948.18,6262,0.38,0.38,0.55,39,9,0.69,5
822,235462.31,6281,0.37,0.38,0.55,39,9,0.75,3
823,235972.38,6300,0.37,0.38,0.55,39,9,0.75,4
824,236486.84,6319,0.37,0.38,0.55,39,9,0.75,5
825,236996.8,6329,0.37,0.38,0.55,38,5,0.5,3
826,237509.06,6339,0.37,0.38,0.55,38,5,0.5,4
827,238023.27,6349,0.37,0.38,0.55,38,5,0.5,5
828,238514.91,6360,0.38,0.38,0.55,38,5,0.56,3
829,239006.94,6371,0.38,0.38,0.55,38,5,0.56,4
830,239499.55,6382,0.38,0.38,0.55,38,5,0.56,5
831,239967.38,6394,0.38,0.38,0.55,38,5,0.62,3
832,240470.9,6407,0.38,0.38,0.55,38,5,0.62,4
833,241011.66,6421,0.38,0.38,0.55,38,5,0.62,5
834,241509.38,6436,0.38,0.38,0.55,38,5,0.69,3
835,242040.89,6452,0.38,0.38,0.55,38,5,0.69,4
836,242571.51,6468,0.38,0.38,0.55,38,5,0.69,5
837,243062.49,6486,0.37,0.38,0.55,38,5,0.75,3
838,243585.33,6505,0.37,0.38,0.55,38,5,0.75,4
839,244103.6,6524,0.37,0.38,0.55,38,5,0.75,5
840,244614.67,6534,0.37,0.38,0.55,38,6,0.5,3
841,245127.87,6544,0.37,0.38,0.55,38,6,0.5,4
842,245642.94,6554,0.37,0.38,0.55,38,6,0.5,5
843,246135.8,6565,0.37,0.38,0.55,38,6,0.56,3
844,246628.89,6576,0.38,0.38,0.55,38,6,0.56,4
845,247122.47,6587,0.38,0.38,0.55,38,6,0.56,5
846,247590.95,6599,0.38,0.38,0.55,38,6,0.62,3
847,248094.93,6612,0.38,0.38,0.55,38,6,0.62,4
848,248636.05,6626,0.38,0.38,0.55,38,6,0.62,5
849,249134.57,6641,0.38,0.38,0.55,38,6,0.69,3
850,249667.39,6657,0.38,0.38,0.55,38,6,0.69,4
851,250197.84,6673,0.37,0.38,0.55,38,6,0.69,5
852,250661.56,6690,0.37,0.38,0.55,38,6,0.75,3
853,251185.79,6709,0.37,0.38,0.55,38,6,0.75,4
854,251706.24,6728,0.37,0.38,0.55,38,6,0.75,5
855,252218.51,6738,0.37,0.38,0.55,38,7,0.5,3
856,252732.74,6748,0.37,0.38,0.55,38,7,0.5,4
857,253249.84,6758,0.37,0.38,0.55,38,7,0.5,5
858,253743.25,6769,0.37,0.38,0.55,38,7,0.56,3
859,254236.63,6780,0.37,0.38,0.55,38,7,0.56,4
860,254776.96,6792,0.38,0.38,0.55,38,7,0.56,5
861,255283.31,6805,0.38,0.38,0.55,38,7,0.62,3
862,255786.03,6818,0.38,0.38,0.55,38,7,0.62,4
863,256328.6,6832,0.38,0.38,0.55,38,7,0.62,5
864,256799.3,6846,0.38,0.38,0.55,38,7,0.69,3
865,257299.57,6861,0.38,0.38,0.55,38,7,0.69,4
866,257797.94,6876,0.37,0.38,0.55,38,7,0.69,5
867,258281.14,6894,0.37,0.38,0.55,38,7,0.75,3
868,258796.69,6913,0.37,0.38,0.55,38,7,0.75,4
869,259311.09,6932,0.37,0.38,0.55,38,7,0.75,5
870,259823.13,6942,0.37,0.38,0.55,38,8,0.5,3
871,260336.75,6952,0.37,0.38,0.55,38,8,0.5,4
872,260851.52,6962,0.37,0.38,0.55,38,8,0.5,5
873,261346.48,6973,0.37,0.38,0.55,38,8,0.56,3
874,261843.88,6984,0.37,0.38,0.55,38,8,0.56,4
875,262384.73,6996,0.38,0.38,0.55,38,8,0.56,5
876,262892.35,7009,0.38,0.38,0.55,38,8,0.62,3
877,263438.18,7023,0.38,0.38,0.55,38,8,0.62,4
878,263988.32,7037,0.38,0.38,0.55,38,8,0.62,5
879,264490.31,7052,0.38,0.38,0.55,38,8,0.69,3
880,264991.75,7067,0.37,0.38,0.55,38,8,0.69,4
881,265492.03,7082,0.37,0.38,0.55,38,8,0.69,5
882,266008.46,7101,0.37,0.38,0.55,38,8,0.75,3
883,266520.82,7120,0.37,0.38,0.55,38,8,0.75,4
884,267037.57,7139,0.37,0.38,0.55,38,8,0.75,5
885,267549.61,7149,0.37,0.38,0.55,38,9,0.5,3
886,268063.23,7159,0.37,0.38,0.55,38,9,0.5,4
887,268578.0,7169,0.37,0.38,0.55,38,9,0.5,5
888,269072.95,7180,0.37,0.38,0.55,38,9,0.56,3
889,269570.35,7191,0.37,0.38,0.55,38,9,0.56,4
890,270111.21,7203,0.37,0.38,0.55,38,9,0.56,5
891,270618.82,7216,0.38,0.38,0.55,38,9,0.62,3
892,271164.65,7230,0.38,0.38,0.55,38,9,0.62,4
893,271714.8,7244,0.38,0.38,0.55,38,9,0.62,5
894,272216.79,7259,0.38,0.38,0.55,38,9,0.69,3
895,272718.22,7274,0.37,0.38,0.55,38,9,0.69,4
896,273218.5,7289,0.37,0.38,0.55,38,9,0.69,5
897,273734.93,7308,0.37,0.38,0.55,38,9,0.75,3
898,274247.3,7327,0.37,0.38,0.55,38,9,0.75,4
899,274764.05,7346,0.37,0.38,0.55,38,9,0.75,5
900,275329.83,7357,0.37,0.38,0.56,37,5,0.5,3
901,275897.91,7368,0.37,0.38,0.56,37,5,0.5,4
902,276467.93,7379,0.37,0.38,0.56,37,5,0.5,5
903,277051.87,7392,0.37,0.38,0.56,37,5,0.56,3
904,277591.43,7404,0.37,0.38,0.56,37,5,0.56,4
905,278131.57,7416,0.38,0.38,0.56,37,5,0.56,5
906,278686.22,7430,0.38,0.38,0.56,37,5,0.62,3
907,279274.72,7445,0.38,0.38,0.56,37,5,0.62,4
908,279902.3,7461,0.38,0.38,0.56,37,5,0.62,5
909,280496.78,7479,0.38,0.38,0.56,37,5,0.69,3
910,281089.67,7497,0.37,0.38,0.56,37,5,0.69,4
911,281682.97,7515,0.37,0.38,0.56,37,5,0.69,5
912,282255.24,7536,0.37,0.38,0.56,37,5,0.75,3
913,282834.76,7557,0.37,0.38,0.56,37,5,0.75,4
914,283434.33,7579,0.37,0.38,0.56,37,5,0.75,5
915,284001.21,7590,0.37,0.38,0.56,37,6,0.5,3
916,284570.22,7601,0.37,0.38,0.56,37,6,0.5,4
917,285141.11,7612,0.37,0.38,0.56,37,6,0.5,5
918,285726.27,7625,0.37,0.38,0.56,37,6,0.56,3
919,286266.9,7637,0.37,0.38,0.56,37,6,0.56,4
920,286808.01,7649,0.37,0.38,0.56,37,6,0.56,5
921,287363.31,7663,0.38,0.38,0.56,37,6,0.62,3
922,287952.26,7678,0.38,0.38,0.56,37,6,0.62,4
923,288580.2,7694,0.38,0.38,0.56,37,6,0.62,5
924,289175.48,7712,0.37,0.38,0.56,37,6,0.69,3
925,289769.68,7730,0.37,0.38,0.56,37,6,0.69,4
926,290362.81,7748,0.37,0.38,0.56,37,6,0.69,5
927,290909.39,7768,0.37,0.38,0.56,37,6,0.75,3
928,291490.62,7789,0.37,0.38,0.56,37,6,0.75,4
929,292092.66,7811,0.37,0.38,0.56,37,6,0.75,5
930,292660.75,7822,0.37,0.38,0.56,37,7,0.5,3
931,293230.79,7833,0.37,0.38,0.56,37,7,0.5,4
932,293803.71,7844,0.37,0.38,0.56,37,7,0.5,5
933,294389.42,7857,0.37,0.38,0.56,37,7,0.56,3
934,294930.33,7869,0.37,0.38,0.56,37,7,0.56,4
935,295518.2,7882,0.37,0.38,0.56,37,7,0.56,5
936,296111.37,7897,0.37,0.38,0.56,37,7,0.62,3
937,296699.11,7912,0.37,0.38,0.56,37,7,0.62,4
938,297328.55,7928,0.38,0.38,0.56,37,7,0.62,5
939,297894.71,7945,0.37,0.38,0.56,37,7,0.69,3
940,298457.67,7962,0.37,0.38,0.56,37,7,0.69,4
941,299018.72,7979,0.37,0.38,0.56,37,7,0.69,5
942,299583.64,8000,0.37,0.38,0.56,37,7,0.75,3
943,300153.77,8021,0.37,0.38,0.56,37,7,0.75,4
944,300748.63,8043,0.37,0.38,0.56,37,7,0.75,5
945,301316.48,8054,0.37,0.38,0.56,37,8,0.5,3
946,301888.28,8065,0.37,0.38,0.56,37,8,0.5,4
947,302461.22,8076,0.37,0.38,0.56,37,8,0.5,5
948,303003.71,8088,0.37,0.38,0.56,37,8,0.56,3
949,303548.64,8100,0.37,0.38,0.56,37,8,0.56,4
950,304137.03,8113,0.37,0.38,0.56,37,8,0.56,5
951,304729.61,8128,0.37,0.38,0.56,37,8,0.62,3
952,305362.32,8144,0.37,0.38,0.56,37,8,0.62,4
953,305999.33,8160,0.37,0.38,0.56,37,8,0.62,5
954,306562.71,8177,0.37,0.38,0.56,37,8,0.69,3
955,307126.83,8194,0.37,0.38,0.56,37,8,0.69,4
956,307689.8,8211,0.37,0.38,0.56,37,8,0.69,5
957,308262.07,8232,0.37,0.38,0.56,37,8,0.75,3
958,308854.9,8254,0.37,0.38,0.56,37,8,0.75,4
959,309452.1,8276,0.37,0.38,0.56,37,8,0.75,5
960,310019.95,8287,0.37,0.38,0.56,37,9,0.5,3
961,310591.74,8298,0.37,0.38,0.56,37,9,0.5,4
962,311164.69,8309,0.37,0.38,0.56,37,9,0.5,5
963,311707.18,8321,0.37,0.38,0.56,37,9,0.56,3
964,312252.11,8333,0.37,0.38,0.56,37,9,0.56,4
965,312840.49,8346,0.37,0.38,0.56,37,9,0.56,5
966,313433.08,8361,0.37,0.38,0.56,37,9,0.62,3
967,314065.78,8377,0.37,0.38,0.56,37,9,0.62,4
968,314702.8,8393,0.37,0.38,0.56,37,9,0.62,5
969,315266.17,8410,0.37,0.38,0.56,37,9,0.69,3
970,315830.3,8427,0.37,0.38,0.56,37,9,0.69,4
971,316393.26,8444,0.37,0.38,0.56,37,9,0.69,5
972,316971.2,8465,0.37,0.38,0.56,37,9,0.75,3
973,317569.68,8487,0.37,0.38,0.56,37,9,0.75,4
974,318172.54,8509,0.37,0.38,0.56,37,9,0.75,5
975,318846.77,8522,0.37,0.38,0.56,36,5,0.5,3
976,319519.92,8535,0.37,0.38,0.56,36,5,0.5,4
977,320197.08,8548,0.37,0.38,0.56,36,5,0.5,5
978,320962.12,8565,0.37,0.38,0.56,36,5,0.56,3
979,321682.16,8581,0.37,0.38,0.56,36,5,0.56,4
980,322406.11,8597,0.38,0.38,0.56,36,5,0.56,5
981,323118.24,8615,0.38,0.38,0.56,36,5,0.62,3
982,323827.1,8633,0.38,0.38,0.56,36,5,0.62,4
983,324575.38,8652,0.38,0.38,0.56,36,5,0.62,5
984,325303.31,8674,0.38,0.38,0.56,36,5,0.69,3
985,326027.88,8696,0.37,0.38,0.56,36,5,0.69,4
986,326752.77,8718,0.37,0.38,0.56,36,5,0.69,5
987,327413.35,8742,0.37,0.38,0.56,36,5,0.75,3
988,328107.09,8767,0.37,0.38,0.56,36,5,0.75,4
989,328820.63,8793,0.37,0.38,0.56,36,5,0.75,5
990,329495.01,8806,0.37,0.38,0.56,36,6,0.5,3
991,330168.31,8819,0.37,0.38,0.56,36,6,0.5,4
992,330845.62,8832,0.37,0.38,0.56,36,6,0.5,5
993,331610.83,8849,0.37,0.38,0.56,36,6,0.56,3
994,332331.04,8865,0.37,0.38,0.56,36,6,0.56,4
995,333055.16,8881,0.38,0.38,0.56,36,6,0.56,5
996,333766.74,8899,0.38,0.38,0.56,36,6,0.62,3
997,334475.07,8917,0.38,0.38,0.56,36,6,0.62,4
998,335222.81,8936,0.38,0.38,0.56,36,6,0.62,5
999,335952.13,8958,0.38,0.38,0.56,36,6,0.69,3
1000,336678.08,8980,0.37,0.38,0.56,36,6,0.69,4
1001,337404.35,9002,0.37,0.38,0.56,36,6,0.69,5
1002,338065.46,9026,0.37,0.38,0.56,36,6,0.75,3
1003,338759.74,9051,0.37,0.38,0.56,36,6,0.75,4
1004,339473.82,9077,0.37,0.38,0.56,36,6,0.75,5
1005,340148.45,9090,0.37,0.38,0.56,36,7,0.5,3
1006,340822.01,9103,0.37,0.38,0.56,36,7,0.5,4
1007,341499.58,9116,0.37,0.38,0.56,36,7,0.5,5
1008,342265.08,9133,0.37,0.38,0.56,36,7,0.56,3
1009,342985.56,9149,0.37,0.38,0.56,36,7,0.56,4
1010,343709.97,9165,0.38,0.38,0.56,36,7,0.56,5
1011,344421.89,9183,0.38,0.38,0.56,36,7,0.62,3
1012,345130.55,9201,0.38,0.38,0.56,36,7,0.62,4
1013,345878.62,9220,0.38,0.38,0.56,36,7,0.62,5
1014,346608.29,9242,0.38,0.38,0.56,36,7,0.69,3
1015,347334.6,9264,0.37,0.38,0.56,36,7,0.69,4
1016,348061.23,9286,0.37,0.38,0.56,36,7,0.69,5
1017,348717.9,9310,0.37,0.38,0.56,36,7,0.75,3
1018,349407.74,9335,0.37,0.38,0.56,36,7,0.75,4
1019,350117.37,9361,0.37,0.38,0.56,36,7,0.75,5
1020,350791.78,9374,0.37,0.38,0.56,36,8,0.5,3
1021,351467.09,9387,0.37,0.38,0.56,36,8,0.5,4
1022,352144.68,9400,0.37,0.38,0.56,36,8,0.5,5
1023,352866.95,9416,0.37,0.38,0.56,36,8,0.56,3
1024,353591.46,9432,0.37,0.38,0.56,36,8,0.56,4
1025,354316.39,9448,0.38,0.38,0.56,36,8,0.56,5
1026,355027.72,9466,0.38,0.38,0.56,36,8,0.62,3
1027,355781.35,9485,0.38,0.38,0.56,36,8,0.62,4
1028,356537.0,9504,0.38,0.38,0.56,36,8,0.62,5
1029,357263.88,9526,0.38,0.38,0.56,36,8,0.69,3
1030,357991.36,9548,0.37,0.38,0.56,36,8,0.69,4
1031,358719.9,9570,0.37,0.38,0.56,36,8,0.69,5
1032,359383.93,9594,0.37,0.38,0.56,36,8,0.75,3
1033,360096.46,9620,0.37,0.38,0.56,36,8,0.75,4
1034,360808.43,9646,0.37,0.38,0.56,36,8,0.75,5
1035,361484.26,9659,0.37,0.38,0.56,36,9,0.5,3
1036,362161.14,9672,0.37,0.38,0.56,36,9,0.5,4
1037,362840.16,9685,0.37,0.38,0.56,36,9,0.5,5
1038,363562.27,9701,0.37,0.38,0.56,36,9,0.56,3
1039,364287.74,9717,0.37,0.38,0.56,36,9,0.56,4
1040,365009.9,9733,0.38,0.38,0.56,36,9,0.56,5
1041,365721.75,9751,0.38,0.38,0.56,36,9,0.62,3
1042,366477.13,9770,0.38,0.38,0.56,36,9,0.62,4
1043,367232.23,9789,0.38,0.38,0.56,36,9,0.62,5
1044,367928.85,9810,0.38,0.38,0.56,36,9,0.69,3
1045,368626.61,9831,0.37,0.38,0.56,36,9,0.69,4
1046,369359.2,9853,0.37,0.38,0.56,36,9,0.69,5
1047,370001.64,9876,0.37,0.38,0.56,36,9,0.75,3
1048,370690.17,9901,0.37,0.38,0.56,36,9,0.75,4
1049,371383.51,9926,0.37,0.38,0.56,36,9,0.75,5
1050,372057.97,9939,0.37,0.38,0.56,35,5,0.5,3
1051,372730.67,9952,0.37,0.38,0.56,35,5,0.5,4
1052,373407.39,9965,0.37,0.38,0.56,35,5,0.5,5
1053,374170.24,9982,0.37,0.38,0.56,35,5,0.56,3
1054,374888.68,9998,0.37,0.38,0.56,35,5,0.56,4
1055,375611.05,10014,0.38,0.38,0.56,35,5,0.56,5
1056,376322.96,10032,0.38,0.38,0.56,35,5,0.62,3
1057,377034.11,10050,0.38,0.38,0.56,35,5,0.62,4
1058,377784.68,10069,0.38,0.38,0.56,35,5,0.62,5
1059,378514.48,10091,0.38,0.38,0.56,35,5,0.69,3
1060,379241.27,10113,0.38,0.38,0.56,35,5,0.69,4
1061,379968.38,10135,0.37,0.38,0.56,35,5,0.69,5
1062,380704.16,10162,0.37,0.38,0.56,35,5,0.75,3
1063,381473.1,10190,0.37,0.38,0.56,35,5,0.75,4
1064,382261.85,10219,0.37,0.38,0.56,35,5,0.75,5
1065,382936.9,10232,0.37,0.38,0.56,35,6,0.5,3
1066,383610.7,10245,0.37,0.38,0.56,35,6,0.5,4
1067,384288.52,10258,0.37,0.38,0.56,35,6,0.5,5
1068,384963.88,10273,0.37,0.38,0.56,35,6,0.56,3
1069,385682.98,10289,0.37,0.38,0.56,35,6,0.56,4
1070,386406.0,10305,0.37,0.38,0.56,35,6,0.56,5
1071,387117.89,10323,0.38,0.38,0.56,35,6,0.62,3
1072,387829.06,10341,0.38,0.38,0.56,35,6,0.62,4
1073,388579.63,10360,0.38,0.38,0.56,35,6,0.62,5
1074,389310.25,10382,0.37,0.38,0.56,35,6,0.69,3
1075,390037.06,10404,0.37,0.38,0.56,35,6,0.69,4
1076,390764.19,10426,0.37,0.38,0.56,35,6,0.69,5
1077,391501.14,10453,0.37,0.38,0.56,35,6,0.75,3
1078,392271.25,10481,0.37,0.38,0.56,35,6,0.75,4
1079,393061.16,10510,0.37,0.38,0.56,35,6,0.75,5
1080,393735.7,10523,0.37,0.38,0.56,35,7,0.5,3
1081,394408.99,10536,0.37,0.38,0.56,35,7,0.5,4
1082,395086.31,10549,0.37,0.38,0.56,35,7,0.5,5
1083,395763.73,10564,0.37,0.38,0.56,35,7,0.56,3
1084,396484.89,10580,0.37,0.38,0.56,35,7,0.56,4
1085,397209.97,10596,0.37,0.38,0.56,35,7,0.56,5
1086,397924.98,10614,0.37,0.38,0.56,35,7,0.62,3
1087,398639.27,10632,0.37,0.38,0.56,35,7,0.62,4
1088,399392.97,10651,0.37,0.38,0.56,35,7,0.62,5
1089,400092.29,10672,0.37,0.38,0.56,35,7,0.69,3
1090,400787.8,10693,0.37,0.38,0.56,35,7,0.69,4
1091,401483.64,10714,0.37,0.38,0.56,35,7,0.69,5
1092,402215.0,10741,0.37,0.38,0.56,35,7,0.75,3
1093,402979.52,10769,0.37,0.38,0.56,35,7,0.75,4
1094,403763.85,10798,0.37,0.38,0.56,35,7,0.75,5
1095,404438.0,10811,0.37,0.38,0.56,35,8,0.5,3
1096,405113.2,10824,0.37,0.38,0.56,35,8,0.5,4
1097,405790.7,10837,0.37,0.38,0.56,35,8,0.5,5
1098,406513.65,10853,0.37,0.38,0.56,35,8,0.56,3
1099,407238.83,10869,0.37,0.38,0.56,35,8,0.56,4
1100,407964.43,10885,0.37,0.38,0.56,35,8,0.56,5
1101,408681.39,10903,0.37,0.38,0.56,35,8,0.62,3
1102,409440.64,10922,0.37,0.38,0.56,35,8,0.62,4
1103,410201.92,10941,0.37,0.38,0.56,35,8,0.62,5
1104,410898.0,10962,0.37,0.38,0.56,35,8,0.69,3
1105,411594.68,10983,0.37,0.38,0.56,35,8,0.69,4
1106,412292.43,11004,0.37,0.38,0.56,35,8,0.69,5
1107,413031.15,11031,0.37,0.38,0.56,35,8,0.75,3
1108,413818.37,11060,0.37,0.38,0.56,35,8,0.75,4
1109,414605.03,11089,0.37,0.38,0.56,35,8,0.75,5
1110,415279.18,11102,0.37,0.38,0.56,35,9,0.5,3
1111,415954.55,11115,0.37,0.38,0.56,35,9,0.5,4
1112,416632.05,11128,0.37,0.38,0.56,35,9,0.5,5
1113,417355.0,11144,0.37,0.38,0.56,35,9,0.56,3
1114,418081.3,11160,0.37,0.38,0.56,35,9,0.56,4
1115,418804.28,11176,0.37,0.38,0.56,35,9,0.56,5
1116,419521.23,11194,0.37,0.38,0.56,35,9,0.62,3
1117,420281.71,11213,0.37,0.38,0.56,35,9,0.62,4
1118,421041.91,11232,0.37,0.38,0.56,35,9,0.62,5
1119,421737.99,11253,0.37,0.38,0.56,35,9,0.69,3
1120,422435.2,11274,0.37,0.38,0.56,35,9,0.69,4
1121,423167.25,11296,0.37,0.38,0.56,35,9,0.69,5
1122,423911.62,11323,0.37,0.38,0.56,35,9,0.75,3
1123,424702.09,11352,0.37,0.38,0.56,35,9,0.75,4
1124,425497.38,11381,0.37,0.38,0.56,35,9,0.75,5
1125,426169.46,11394,0.37,0.38,0.56,34,5,0.5,3
1126,426840.31,11407,0.37,0.38,0.56,34,5,0.5,4
1127,427515.17,11420,0.37,0.38,0.56,34,5,0.5,5
1128,428322.98,11438,0.37,0.38,0.56,34,5,0.56,3
1129,429087.27,11455,0.37,0.38,0.56,34,5,0.56,4
1130,429855.47,11472,0.37,0.38,0.56,34,5,0.56,5
1131,430686.47,11493,0.37,0.38,0.56,34,5,0.62,3
1132,431511.81,11514,0.37,0.38,0.56,34,5,0.62,4
1133,432376.11,11536,0.37,0.38,0.56,34,5,0.62,5
1134,433139.64,11559,0.37,0.38,0.56,34,5,0.69,3
1135,433932.29,11583,0.37,0.38,0.56,34,5,0.69,4
1136,434725.26,11607,0.37,0.38,0.56,34,5,0.69,5
1137,435536.37,11637,0.37,0.38,0.56,34,5,0.75,3
1138,436408.27,11669,0.37,0.38,0.56,34,5,0.75,4
1139,437275.03,11701,0.37,0.38,0.56,34,5,0.75,5
1140,437949.96,11714,0.37,0.38,0.56,34,6,0.5,3
1141,438623.65,11727,0.37,0.38,0.56,34,6,0.5,4
1142,439301.36,11740,0.37,0.38,0.56,34,6,0.5,5
1143,440022.25,11756,0.37,0.38,0.56,34,6,0.56,3
1144,440787.3,11773,0.37,0.38,0.56,34,6,0.56,4
1145,441556.26,11790,0.37,0.38,0.56,34,6,0.56,5
1146,442382.25,11811,0.37,0.38,0.56,34,6,0.62,3
1147,443207.99,11832,0.37,0.38,0.56,34,6,0.62,4
1148,444072.67,11854,0.37,0.38,0.56,34,6,0.62,5
1149,444834.54,11877,0.37,0.38,0.56,34,6,0.69,3
1150,445627.34,11901,0.37,0.38,0.56,34,6,0.69,4
1151,446420.47,11925,0.37,0.38,0.56,34,6,0.69,5
1152,447235.58,11955,0.37,0.38,0.56,34,6,0.75,3
1153,448108.8,11987,0.37,0.38,0.56,34,6,0.75,4
1154,448976.87,12019,0.37,0.38,0.56,34,6,0.75,5
1155,449653.16,12032,0.37,0.38,0.56,34,7,0.5,3
1156,450328.19,12045,0.37,0.38,0.56,34,7,0.5,4
1157,451007.25,12058,0.37,0.38,0.56,34,7,0.5,5
1158,451726.86,12074,0.37,0.38,0.56,34,7,0.56,3
1159,452447.05,12090,0.37,0.38,0.56,34,7,0.56,4
1160,453171.16,12106,0.37,0.38,0.56,34,7,0.56,5
1161,454002.06,12127,0.37,0.38,0.56,34,7,0.62,3
1162,454793.55,12147,0.37,0.38,0.56,34,7,0.62,4
1163,455663.15,12169,0.37,0.38,0.56,34,7,0.62,5
1164,456427.82,12192,0.37,0.38,0.56,34,7,0.69,3
1165,457222.22,12216,0.37,0.38,0.56,34,7,0.69,4
1166,458016.93,12240,0.37,0.38,0.56,34,7,0.69,5
1167,458831.95,12270,0.37,0.38,0.56,34,7,0.75,3
1168,459705.07,12302,0.37,0.38,0.56,34,7,0.75,4
1169,460573.05,12334,0.37,0.38,0.56,34,7,0.75,5
1170,461247.4,12347,0.37,0.38,0.56,34,8,0.5,3
1171,461919.78,12360,0.37,0.38,0.56,34,8,0.5,4
1172,462594.45,12373,0.37,0.38,0.56,34,8,0.5,5
1173,463317.02,12389,0.37,0.38,0.56,34,8,0.56,3
1174,464041.84,12405,0.37,0.38,0.56,34,8,0.56,4
1175,464767.07,12421,0.37,0.38,0.56,34,8,0.56,5
1176,465556.55,12441,0.37,0.38,0.56,34,8,0.62,3
1177,466427.01,12463,0.37,0.38,0.56,34,8,0.62,4
1178,467299.5,12485,0.37,0.38,0.56,34,8,0.62,5
1179,468093.98,12509,0.37,0.38,0.56,34,8,0.69,3
1180,468889.05,12533,0.37,0.38,0.56,34,8,0.69,4
1181,469685.19,12557,0.37,0.38,0.56,34,8,0.69,5
1182,470528.9,12588,0.37,0.38,0.56,34,8,0.75,3
1183,471396.17,12620,0.37,0.38,0.56,34,8,0.75,4
1184,472262.89,12652,0.37,0.38,0.56,34,8,0.75,5
1185,472937.25,12665,0.37,0.38,0.56,34,9,0.5,3
1186,473609.79,12678,0.37,0.38,0.56,34,9,0.5,4
1187,474284.46,12691,0.37,0.38,0.56,34,9,0.5,5
1188,475007.04,12707,0.37,0.38,0.56,34,9,0.56,3
1189,475732.97,12723,0.37,0.38,0.56,34,9,0.56,4
1190,476455.58,12739,0.37,0.38,0.56,34,9,0.56,5
1191,477245.06,12759,0.37,0.38,0.56,34,9,0.62,3
1192,478116.75,12781,0.37,0.38,0.56,34,9,0.62,4
1193,478988.16,12803,0.37,0.38,0.56,34,9,0.62,5
1194,479782.63,12827,0.37,0.38,0.56,34,9,0.69,3
1195,480578.23,12851,0.37,0.38,0.56,34,9,0.69,4
1196,481408.67,12876,0.37,0.38,0.56,34,9,0.69,5
1197,482231.96,12906,0.37,0.38,0.56,34,9,0.75,3
1198,483076.42,12937,0.37,0.38,0.56,34,9,0.75,4
1199,483925.68,12968,0.37,0.38,0.56,34,9,0.75,5
1200,484650.05,12982,0.37,0.38,0.56,33,5,0.5,3
1201,485375.89,12996,0.37,0.38,0.56,33,5,0.5,4
1202,486105.73,13010,0.37,0.38,0.56,33,5,0.5,5
1203,486920.87,13028,0.37,0.38,0.56,33,5,0.56,3
1204,487736.33,13046,0.37,0.38,0.56,33,5,0.56,4
1205,488555.28,13064,0.37,0.38,0.56,33,5,0.56,5
1206,489430.91,13086,0.37,0.38,0.56,33,5,0.62,3
1207,490300.23,13108,0.37,0.38,0.56,33,5,0.62,4
1208,491208.98,13131,0.37,0.38,0.56,33,5,0.62,5
1209,492043.54,13156,0.37,0.38,0.56,33,5,0.69,3
1210,492937.1,13183,0.37,0.38,0.56,33,5,0.69,4
1211,493831.25,13210,0.37,0.38,0.56,33,5,0.69,5
1212,494766.88,13245,0.37,0.38,0.56,33,5,0.75,3
1213,495741.15,13281,0.37,0.38,0.56,33,5,0.75,4
1214,496710.52,13317,0.37,0.38,0.56,33,5,0.75,5
1215,497437.74,13331,0.37,0.38,0.56,33,6,0.5,3
1216,498165.9,13345,0.37,0.38,0.56,33,6,0.5,4
1217,498898.07,13359,0.37,0.38,0.56,33,6,0.5,5
1218,499714.43,13377,0.37,0.38,0.56,33,6,0.56,3
1219,500530.65,13395,0.37,0.38,0.56,33,6,0.56,4
1220,501350.36,13413,0.37,0.38,0.56,33,6,0.56,5
1221,502221.02,13435,0.37,0.38,0.56,33,6,0.62,3
1222,503090.72,13457,0.37,0.38,0.56,33,6,0.62,4
1223,503999.85,13480,0.37,0.38,0.56,33,6,0.62,5
1224,504832.75,13505,0.37,0.38,0.56,33,6,0.69,3
1225,505727.27,13532,0.37,0.38,0.56,33,6,0.69,4
1226,506622.37,13559,0.37,0.38,0.56,33,6,0.69,5
1227,507564.64,13594,0.37,0.38,0.56,33,6,0.75,3
1228,508540.21,13630,0.37,0.38,0.56,33,6,0.75,4
1229,509510.89,13666,0.37,0.38,0.56,33,6,0.75,5
1230,510239.46,13680,0.37,0.38,0.56,33,7,0.5,3
1231,510968.96,13694,0.37,0.38,0.56,33,7,0.5,4
1232,511702.49,13708,0.37,0.38,0.56,33,7,0.5,5
1233,512517.56,13726,0.37,0.38,0.56,33,7,0.56,3
1234,513288.93,13743,0.37,0.38,0.56,33,7,0.56,4
1235,514107.36,13761,0.37,0.38,0.56,33,7,0.56,5
1236,514981.68,13783,0.37,0.38,0.56,33,7,0.62,3
1237,515855.05,13805,0.37,0.38,0.56,33,7,0.62,4
1238,516767.85,13828,0.37,0.38,0.56,33,7,0.62,5
1239,517602.81,13853,0.37,0.38,0.56,33,7,0.69,3
1240,518499.4,13880,0.37,0.38,0.56,33,7,0.69,4
1241,519396.57,13907,0.37,0.38,0.56,33,7,0.69,5
1242,520339.79,13942,0.37,0.38,0.56,33,7,0.75,3
1243,521316.31,13978,0.37,0.38,0.56,33,7,0.75,4
1244,522287.93,14014,0.37,0.38,0.56,33,7,0.75,5
1245,523014.51,14028,0.37,0.38,0.56,33,8,0.5,3
1246,523739.18,14042,0.37,0.38,0.56,33,8,0.5,4
1247,524466.14,14056,0.37,0.38,0.56,33,8,0.5,5
1248,525239.89,14073,0.37,0.38,0.56,33,8,0.56,3
1249,526014.93,14090,0.37,0.38,0.56,33,8,0.56,4
1250,526794.56,14107,0.37,0.38,0.56,33,8,0.56,5
1251,527627.69,14128,0.37,0.38,0.56,33,8,0.62,3
1252,528541.36,14151,0.37,0.38,0.56,33,8,0.62,4
1253,529457.05,14174,0.37,0.38,0.56,33,8,0.62,5
1254,530320.05,14200,0.37,0.38,0.56,33,8,0.69,3
1255,531215.02,14227,0.37,0.38,0.56,33,8,0.69,4
1256,532111.32,14254,0.37,0.38,0.56,33,8,0.69,5
1257,533082.21,14290,0.37,0.38,0.56,33,8,0.75,3
1258,534051.72,14326,0.37,0.38,0.56,33,8,0.75,4
1259,535020.68,14362,0.37,0.38,0.56,33,8,0.75,5
1260,535747.26,14376,0.37,0.38,0.56,33,9,0.5,3
1261,536472.1,14390,0.37,0.38,0.56,33,9,0.5,4
1262,537199.06,14404,0.37,0.38,0.56,33,9,0.5,5
1263,537972.81,14421,0.37,0.38,0.56,33,9,0.56,3
1264,538748.97,14438,0.37,0.38,0.56,33,9,0.56,4
1265,539525.98,14455,0.37,0.38,0.56,33,9,0.56,5
1266,540359.12,14476,0.37,0.38,0.56,33,9,0.62,3
1267,541274.01,14499,0.37,0.38,0.56,33,9,0.62,4
1268,542226.51,14523,0.37,0.38,0.56,33,9,0.62,5
1269,543089.5,14549,0.37,0.38,0.56,33,9,0.69,3
1270,543985.26,14576,0.37,0.38,0.56,33,9,0.69,4
1271,544884.22,14603,0.37,0.38,0.56,33,9,0.69,5
1272,545855.11,14639,0.37,0.38,0.56,33,9,0.75,3
1273,546821.03,14675,0.37,0.38,0.56,33,9,0.75,4
1274,547792.95,14711,0.37,0.38,0.56,33,9,0.75,5
1275,548514.1,14725,0.37,0.38,0.56,32,5,0.5,3
1276,549188.3,14738,0.37,0.38,0.56,32,5,0.5,4
1277,549865.48,14751,0.37,0.38,0.56,32,5,0.5,5
1278,550678.1,14769,0.37,0.38,0.56,32,5,0.56,3
1279,551491.04,14787,0.37,0.38,0.56,32,5,0.56,4
1280,552307.47,14805,0.37,0.38,0.56,32,5,0.56,5
1281,553264.38,14829,0.37,0.38,0.56,32,5,0.62,3
1282,554214.87,14853,0.37,0.38,0.56,32,5,0.62,4
1283,555204.8,14878,0.37,0.38,0.56,32,5,0.62,5
1284,556066.52,14904,0.37,0.38,0.56,32,5,0.69,3
1285,556956.36,14931,0.37,0.38,0.56,32,5,0.69,4
1286,557845.67,14958,0.37,0.38,0.56,32,5,0.69,5
1287,558788.69,14993,0.37,0.38,0.56,32,5,0.75,3
1288,559791.85,15030,0.37,0.38,0.56,32,5,0.75,4
1289,560790.22,15067,0.37,0.38,0.56,32,5,0.75,5
1290,561462.13,15080,0.37,0.38,0.56,32,6,0.5,3
1291,562136.21,15093,0.37,0.38,0.56,32,6,0.5,4
1292,562814.7,15106,0.37,0.38,0.56,32,6,0.5,5
1293,563630.49,15124,0.37,0.38,0.56,32,6,0.56,3
1294,564446.14,15142,0.37,0.38,0.56,32,6,0.56,4
1295,565265.29,15160,0.37,0.38,0.56,32,6,0.56,5
1296,566216.78,15184,0.37,0.38,0.56,32,6,0.62,3
1297,567167.22,15208,0.37,0.38,0.56,32,6,0.62,4
1298,568157.09,15233,0.37,0.38,0.56,32,6,0.62,5
1299,569018.44,15259,0.37,0.38,0.56,32,6,0.69,3
1300,569910.51,15286,0.37,0.38,0.56,32,6,0.69,4
1301,570802.05,15313,0.37,0.38,0.56,32,6,0.69,5
1302,571754.39,15348,0.37,0.38,0.56,32,6,0.75,3
1303,572764.17,15385,0.37,0.38,0.56,32,6,0.75,4
1304,573769.17,15422,0.37,0.36,0.56,32,6,0.75,5
1305,574492.48,15436,0.37,0.37,0.56,32,7,0.5,3
1306,575217.96,15450,0.37,0.38,0.56,32,7,0.5,4
1307,575947.85,15464,0.37,0.38,0.56,32,7,0.5,5
1308,576762.26,15482,0.37,0.38,0.56,32,7,0.56,3
1309,577532.97,15499,0.37,0.38,0.56,32,7,0.56,4
1310,578350.74,15517,0.37,0.38,0.56,32,7,0.56,5
1311,579305.9,15541,0.37,0.38,0.56,32,7,0.62,3
1312,580260.0,15565,0.37,0.38,0.56,32,7,0.62,4
1313,581253.53,15590,0.37,0.38,0.56,32,7,0.62,5
1314,582116.95,15616,0.37,0.38,0.56,32,7,0.69,3
1315,583011.09,15643,0.37,0.38,0.56,32,7,0.69,4
1316,583904.7,15670,0.37,0.38,0.56,32,7,0.69,5
1317,584857.62,15705,0.37,0.38,0.56,32,7,0.75,3
1318,585867.97,15742,0.37,0.38,0.56,32,7,0.75,4
1319,586873.55,15779,0.37,0.36,0.56,32,7,0.75,5
1320,587595.82,15793,0.37,0.36,0.56,32,8,0.5,3
1321,588317.42,15807,0.37,0.36,0.56,32,8,0.5,4
1322,589041.69,15821,0.37,0.38,0.56,32,8,0.5,5
1323,589814.78,15838,0.37,0.38,0.56,32,8,0.56,3
1324,590589.16,15855,0.37,0.38,0.56,32,8,0.56,4
1325,591368.14,15872,0.37,0.38,0.56,32,8,0.56,5
1326,592282.1,15895,0.37,0.38,0.56,32,8,0.62,3
1327,593276.5,15920,0.37,0.38,0.56,32,8,0.62,4
1328,594272.93,15945,0.37,0.38,0.56,32,8,0.62,5
1329,595164.37,15972,0.37,0.38,0.56,32,8,0.69,3
1330,596056.9,15999,0.37,0.38,0.56,32,8,0.69,4
1331,596949.64,16026,0.37,0.38,0.56,32,8,0.69,5
1332,597929.62,16062,0.37,0.38,0.56,32,8,0.75,3
1333,598932.37,16099,0.37,0.36,0.56,32,8,0.75,4
1334,599934.68,16136,0.37,0.36,0.56,32,8,0.75,5
1335,600657.56,16150,0.37,0.36,0.56,32,9,0.5,3
1336,601379.77,16164,0.37,0.36,0.56,32,9,0.5,4
1337,602104.65,16178,0.37,0.36,0.56,32,9,0.5,5
1338,602875.9,16195,0.37,0.36,0.56,32,9,0.56,3
1339,603649.56,16212,0.37,0.38,0.56,32,9,0.56,4
1340,604468.52,16230,0.37,0.38,0.56,32,9,0.56,5
1341,605381.63,16253,0.37,0.38,0.56,32,9,0.62,3
1342,606376.42,16278,0.37,0.38,0.56,32,9,0.62,4
1343,607368.53,16303,0.37,0.38,0.56,32,9,0.62,5
1344,608259.06,16330,0.37,0.38,0.56,32,9,0.69,3
1345,609148.92,16357,0.37,0.38,0.56,32,9,0.69,4
1346,610041.98,16384,0.37,0.38,0.56,32,9,0.69,5
1347,610992.78,16419,0.37,0.36,0.56,32,9,0.75,3
1348,611937.35,16454,0.37,0.36,0.56,32,9,0.75,4
1349,612913.45,16490,0.37,0.36,0.56,32,9,0.75,5
1350,613636.22,16504,0.37,0.36,0.56,31,5,0.5,3
1351,614361.71,16518,0.37,0.36,0.56,31,5,0.5,4
1352,615039.62,16531,0.37,0.36,0.56,31,5,0.5,5
1353,615856.46,16549,0.37,0.36,0.56,31,5,0.56,3
1354,616670.54,16567,0.37,0.36,0.56,31,5,0.56,4
1355,617529.92,16586,0.37,0.38,0.56,31,5,0.56,5
1356,618520.84,16611,0.37,0.38,0.56,31,5,0.62,3
1357,619512.88,16636,0.37,0.38,0.56,31,5,0.62,4
1358,620547.42,16662,0.37,0.38,0.56,31,5,0.62,5
1359,621506.23,16691,0.37,0.38,0.56,31,5,0.69,3
1360,622499.46,16721,0.37,0.38,0.56,31,5,0.69,4
1361,623491.66,16751,0.37,0.38,0.56,31,5,0.69,5
1362,624534.81,16790,0.37,0.36,0.56,31,5,0.75,3
1363,625609.8,16830,0.37,0.36,0.56,31,5,0.75,4
1364,626708.27,16871,0.37,0.36,0.56,31,5,0.75,5
1365,627428.66,16885,0.37,0.36,0.56,31,6,0.5,3
1366,628151.43,16899,0.37,0.36,0.56,31,6,0.5,4
1367,628877.54,16913,0.37,0.36,0.56,31,6,0.5,5
1368,629696.26,16931,0.37,0.36,0.56,31,6,0.56,3
1369,630512.91,16949,0.37,0.36,0.56,31,6,0.56,4
1370,631374.77,16968,0.37,0.36,0.56,31,6,0.56,5
1371,632365.15,16993,0.37,0.38,0.56,31,6,0.62,3
1372,633357.37,17018,0.37,0.38,0.56,31,6,0.62,4
1373,634390.39,17044,0.37,0.38,0.56,31,6,0.62,5
1374,635350.39,17073,0.37,0.38,0.56,31,6,0.69,3
1375,636342.5,17103,0.37,0.36,0.56,31,6,0.69,4
1376,637334.7,17133,0.37,0.36,0.56,31,6,0.69,5
1377,638383.37,17172,0.37,0.36,0.56,31,6,0.75,3
1378,639461.14,17212,0.37,0.36,0.56,31,6,0.75,4
1379,640563.84,17253,0.37,0.36,0.56,31,6,0.75,5
1380,641284.58,17267,0.37,0.36,0.56,31,7,0.5,3
1381,642007.1,17281,0.37,0.36,0.56,31,7,0.5,4
1382,642733.62,17295,0.37,0.36,0.56,31,7,0.5,5
1383,643552.05,17313,0.37,0.36,0.56,31,7,0.56,3
1384,644369.06,17331,0.37,0.36,0.56,31,7,0.56,4
1385,645231.31,17350,0.37,0.36,0.56,31,7,0.56,5
1386,646221.71,17375,0.37,0.36,0.56,31,7,0.62,3
1387,647214.29,17400,0.37,0.36,0.56,31,7,0.62,4
1388,648245.95,17426,0.37,0.38,0.56,31,7,0.62,5
1389,649206.52,17455,0.37,0.36,0.56,31,7,0.69,3
1390,650198.95,17485,0.37,0.36,0.56,31,7,0.69,4
1391,651189.72,17515,0.37,0.36,0.56,31,7,0.69,5
1392,652209.52,17553,0.37,0.36,0.56,31,7,0.75,3
1393,653286.21,17593,0.37,0.36,0.56,31,7,0.75,4
1394,654360.13,17633,0.37,0.36,0.56,31,7,0.75,5
1395,655029.27,17646,0.37,0.36,0.56,31,8,0.5,3
1396,655697.67,17659,0.37,0.36,0.56,31,8,0.5,4
1397,656368.34,17672,0.37,0.36,0.56,31,8,0.5,5
1398,657146.22,17689,0.37,0.36,0.56,31,8,0.56,3
1399,657970.5,17707,0.37,0.36,0.56,31,8,0.56,4
1400,658797.56,17725,0.37,0.36,0.56,31,8,0.56,5
1401,659748.71,17749,0.37,0.36,0.56,31,8,0.62,3
1402,660780.83,17775,0.37,0.36,0.56,31,8,0.62,4
1403,661814.6,17801,0.37,0.36,0.56,31,8,0.62,5
1404,662800.54,17831,0.37,0.36,0.56,31,8,0.69,3
1405,663788.67,17861,0.37,0.36,0.56,31,8,0.69,4
1406,664775.9,17891,0.37,0.36,0.56,31,8,0.69,5
1407,665824.69,17930,0.37,0.36,0.56,31,8,0.75,3
1408,666895.95,17970,0.37,0.36,0.56,31,8,0.75,4
1409,667968.77,18010,0.37,0.36,0.56,31,8,0.75,5
1410,668636.42,18023,0.37,0.36,0.56,31,9,0.5,3
1411,669303.34,18036,0.37,0.36,0.56,31,9,0.5,4
1412,669972.53,18049,0.37,0.36,0.56,31,9,0.5,5
1413,670748.73,18066,0.37,0.36,0.56,31,9,0.56,3
1414,671571.33,18084,0.37,0.36,0.56,31,9,0.56,4
1415,672396.71,18102,0.37,0.36,0.56,31,9,0.56,5
1416,673346.02,18126,0.37,0.36,0.56,31,9,0.62,3
1417,674376.29,18152,0.37,0.36,0.56,31,9,0.62,4
1418,675408.22,18178,0.37,0.36,0.56,31,9,0.62,5
1419,676392.9,18208,0.37,0.36,0.56,31,9,0.69,3
1420,677379.79,18238,0.37,0.36,0.56,31,9,0.69,4
1421,678365.78,18268,0.37,0.36,0.56,31,9,0.69,5
1422,679409.38,18307,0.37,0.36,0.56,31,9,0.75,3
1423,680475.46,18347,0.37,0.36,0.56,31,9,0.75,4
1424,681543.11,18387,0.37,0.36,0.56,31,9,0.75,5
1425,682265.65,18401,0.37,0.36,0.56,30,5,0.5,3
1426,682992.02,18415,0.37,0.36,0.56,30,5,0.5,4
1427,683668.7,18428,0.37,0.36,0.56,30,5,0.5,5
1428,684529.89,18447,0.37,0.36,0.56,30,5,0.56,3
1429,685433.28,18467,0.37,0.36,0.56,30,5,0.56,4
1430,686340.21,18487,0.37,0.36,0.56,30,5,0.56,5
1431,687324.99,18512,0.37,0.36,0.56,30,5,0.62,3
1432,688350.03,18538,0.37,0.36,0.56,30,5,0.62,4
1433,689416.93,18565,0.37,0.36,0.56,30,5,0.62,5
1434,690474.4,18597,0.37,0.36,0.56,30,5,0.69,3
1435,691567.45,18630,0.37,0.36,0.56,30,5,0.69,4
1436,692658.32,18663,0.37,0.36,0.56,30,5,0.69,5
1437,693732.14,18703,0.37,0.36,0.56,30,5,0.75,3
1438,694861.56,18745,0.37,0.36,0.56,30,5,0.75,4
1439,696015.41,18788,0.37,0.36,0.56,30,5,0.75,5
1440,696737.1,18802,0.37,0.36,0.56,30,6,0.5,3
1441,697459.17,18816,0.37,0.36,0.56,30,6,0.5,4
1442,698185.47,18830,0.37,0.36,0.56,30,6,0.5,5
1443,699043.84,18849,0.37,0.36,0.56,30,6,0.56,3
1444,699945.11,18869,0.37,0.36,0.56,30,6,0.56,4
1445,700849.83,18889,0.37,0.36,0.56,30,6,0.56,5
1446,701832.36,18914,0.37,0.36,0.56,30,6,0.62,3
1447,702855.86,18940,0.37,0.36,0.56,30,6,0.62,4
1448,703919.54,18967,0.37,0.36,0.56,30,6,0.62,5
1449,704974.56,18999,0.37,0.36,0.56,30,6,0.69,3
1450,706062.85,19032,0.37,0.36,0.56,30,6,0.69,4
1451,707150.09,19065,0.37,0.36,0.56,30,6,0.69,5
1452,708250.94,19106,0.37,0.36,0.56,30,6,0.75,3
1453,709408.47,19149,0.37,0.36,0.56,30,6,0.75,4
1454,710591.9,19193,0.37,0.36,0.56,30,6,0.75,5
1455,711311.54,19207,0.37,0.36,0.56,30,7,0.5,3
1456,712031.71,19221,0.37,0.36,0.56,30,7,0.5,4
1457,712755.91,19235,0.37,0.36,0.56,30,7,0.5,5
1458,713615.1,19254,0.37,0.36,0.56,30,7,0.56,3
1459,714473.96,19273,0.37,0.36,0.56,30,7,0.56,4
1460,715378.06,19293,0.37,0.36,0.56,30,7,0.56,5
1461,716361.08,19318,0.37,0.36,0.56,30,7,0.62,3
1462,717382.46,19344,0.37,0.36,0.56,30,7,0.62,4
1463,718445.3,19371,0.37,0.36,0.56,30,7,0.62,5
1464,719503.54,19403,0.37,0.36,0.56,30,7,0.69,3
1465,720589.72,19436,0.37,0.36,0.56,30,7,0.69,4
1466,721674.25,19469,0.37,0.36,0.56,30,7,0.69,5
1467,722774.89,19510,0.37,0.36,0.56,30,7,0.75,3
1468,723959.75,19554,0.37,0.36,0.56,30,7,0.75,4
1469,725141.98,19598,0.37,0.36,0.56,30,7,0.75,5
1470,725810.67,19611,0.37,0.36,0.56,30,8,0.5,3
1471,726478.68,19624,0.37,0.36,0.56,30,8,0.5,4
1472,727148.98,19637,0.37,0.36,0.56,30,8,0.5,5
1473,727966.91,19655,0.37,0.36,0.56,30,8,0.56,3
1474,728787.6,19673,0.37,0.36,0.56,30,8,0.56,4
1475,729611.06,19691,0.37,0.36,0.56,30,8,0.56,5
1476,730595.34,19716,0.37,0.36,0.56,30,8,0.62,3
1477,731657.86,19743,0.37,0.36,0.56,30,8,0.62,4
1478,732724.45,19770,0.37,0.36,0.56,30,8,0.62,5
1479,733775.12,19802,0.37,0.36,0.56,30,8,0.69,3
1480,734828.0,19834,0.37,0.36,0.56,30,8,0.69,4
1481,735879.97,19866,0.37,0.36,0.56,30,8,0.69,5
1482,737009.55,19908,0.37,0.36,0.56,30,8,0.75,3
1483,738161.6,19951,0.37,0.36,0.56,30,8,0.75,4
1484,739315.36,19994,0.37,0.36,0.56,30,8,0.75,5
1485,739982.59,20007,0.37,0.36,0.56,30,9,0.5,3
1486,740649.13,20020,0.37,0.36,0.56,30,9,0.5,4
1487,741317.97,20033,0.37,0.36,0.56,30,9,0.5,5
1488,742134.3,20051,0.37,0.36,0.56,30,9,0.56,3
1489,742953.38,20069,0.37,0.36,0.56,30,9,0.56,4
1490,743775.24,20087,0.37,0.36,0.56,30,9,0.56,5
1491,744757.76,20112,0.37,0.36,0.56,30,9,0.62,3
1492,745818.52,20139,0.37,0.36,0.56,30,9,0.62,4
1493,746883.34,20166,0.37,0.36,0.56,30,9,0.62,5
1494,747932.86,20198,0.37,0.36,0.56,30,9,0.69,3
1495,748984.58,20230,0.37,0.36,0.56,30,9,0.69,4
1496,750035.4,20262,0.37,0.36,0.56,30,9,0.69,5
1497,751159.9,20304,0.37,0.36,0.56,30,9,0.75,3
1498,752306.88,20347,0.37,0.36,0.56,30,9,0.75,4
1499,753455.56,20390,0.37,0.36,0.56,30,9,0.75,5
